scenario_id,U_max,U_mean,U_min,U_std,U_at_0,U_trend,U_persistence_high,U_max_gradient,U_integral,U_x_mean,U_y_mean,U_x_max,U_y_max,U_x_std,U_y_std,DU_dominant,DU_spread,Wind_veering,U_vector_magnitude,Onshore_wind_mean,Onshore_wind_max,S_max,S_mean,Hs_mean,Hs_max,Tp_mean,Tp_max,Tp_p90,Tp_std,sinDp_mean,cosDp_mean,Dp_concentration,Tp_max_x_sinDp_mean,Tp_max_x_cosDp_mean,NMmax,NMmean,NMrange,NMslope,Tmax,T_integral,Tslopemax,T_skewness,Tstd
1,17.05,16.75702702702703,16.48,0.1492841452609638,16.55,0.0799999999999983,100.0,0.0800000000000018,6032.8,4.24394438812059,-15.39139359937244,12.040940950970828,-11.672559317272016,4.795642052701714,1.7076290412839397,285.415390168832,0.311031027284982,46.69999999999999,15.965777804424786,15.39139359937244,16.780671711883038,0.51,0.4735135135135135,6.789189189189189,6.91,18.943243243243245,20.14,19.97,0.787363215247332,-0.8332667416601715,-0.5444746300980103,0.995382381588766,-16.781992177035853,-10.965719050173927,0.86,0.8599999999999999,0.0,0.0,2.21,53.37500000000001,0.2,-0.560856534416796,0.6547740062567693
2,10.08,9.797567567567564,9.32,0.2074609100973183,10.08,-0.5600000000000005,0.0,0.1099999999999994,3529.1,-0.0196030609141094,-7.932372970434026,9.02723131297283,-4.015407180110488,5.487721107872335,1.7312891411931126,269.8584067625622,0.6498905497941323,-121.32999999999998,7.932397192656802,7.932372970434026,10.077862363109666,0.59,0.5775675675675676,8.744864864864866,8.81,10.575945945945945,11.02,10.868,0.1937881186141118,-0.9832045733043816,-0.1618926068226368,0.9964439016374578,-10.834914397814284,-1.7840565271854574,1.85,1.85,0.0,0.0,1.85,45.05,0.18,-0.6018641377205171,0.5496376387824972
3,20.9,20.51891891891892,19.86,0.3027422754055834,20.75,-0.2600000000000015,100.0,0.1799999999999997,7392.1,1.8242777465754696,-20.363685939541696,5.876072993095323,-18.970802992488636,1.7044463406013288,0.4526089013249469,275.1191684525889,0.0848223404147769,16.21999999999997,20.445236470653462,20.363685939541693,20.78770107155167,0.59,0.4937837837837838,5.189459459459459,5.95,25.194324324324324,26.66,26.616,1.0804417028197824,-0.9390443713182532,-0.333688197863263,0.9965701905524396,-25.034922939344632,-8.896127355034592,1.94,1.94,0.0,0.0,1.93,45.19500000000001,0.19,-0.5469874020086497,0.6027193065219881
4,15.36,14.519459459459457,13.96,0.3987544522902903,14.1,-1.3999999999999986,0.0,0.1499999999999985,5225.6,5.730026881228347,-12.766768922229929,10.735330759315737,-10.985548392687978,3.7021436905878,1.2017667948207285,294.1716673157708,0.2715977269384771,-46.96999999999997,13.993698466567563,12.766768922229923,14.29347594171632,0.24,0.0467567567567567,5.896756756756757,6.62,10.25945945945946,11.82,11.488,0.7149709725574234,-0.940321978713704,-0.3394206764289941,0.9997058663624871,-11.11460578839598,-4.01195239539071,1.83,1.83,0.0,0.0,2.44,60.16499999999999,0.22,-0.5828723601631146,0.7009940765784692
5,14.26,13.583513513513514,12.41,0.5187365952222673,14.19,-0.7300000000000004,0.0,0.1500000000000003,4898.150000000001,-2.4160530319522526,-12.68757803654657,4.693014664121067,-10.987542485270184,4.104324363609182,1.0599527624599367,259.2184410232234,0.3175633941239436,55.48000000000002,12.915570010133685,12.68757803654657,14.048095092904562,0.33,0.294054054054054,1.1178378378378375,1.15,14.097567567567568,15.39,15.296,0.9018671484995624,-0.8922545946170484,-0.4068148588400467,0.9806205132406116,-13.731798211156375,-6.26088067754832,0.46,0.4600000000000001,0.0,0.0,2.16,51.365,0.1999999999999999,-0.5315832332896655,0.6599769790349503
6,8.81,8.230540540540542,7.84,0.2716013169767253,8.09,0.4199999999999999,0.0,0.129999999999999,2959.3,0.181001825802326,-7.900557341094729,2.828229218169657,-7.322208741148784,2.295135956309158,0.3103994942846136,271.3124171395576,0.2851526607348581,-42.44,7.902630445672479,7.900557341094729,8.321323352622429,0.2,0.1856756756756756,1.6197297297297295,1.79,9.554054054054054,9.76,9.71,0.1267570448910458,-0.9772091617982672,-0.2054378102035082,0.9985701977145548,-9.53756141915109,-2.0050730275862403,1.38,1.3800000000000003,0.0,0.0,2.21,54.32,0.2,-0.5647095498628566,0.6400853668413393
7,7.49,7.102972972972973,6.92,0.148921616692099,7.0,-0.4400000000000004,0.0,0.0899999999999998,2555.4,-1.0192098349685053,6.87568590712914,1.564929819114064,7.324690755332107,1.4381793555480664,0.3036403510524748,98.43177745938904,0.2081073678399725,43.96000000000001,6.950816166551292,-6.87568590712914,-5.985250397785447,0.36,0.3572972972972972,3.6072972972972974,3.71,10.898108108108108,11.61,11.534,0.4188132386317048,-0.9894987293395326,0.0919000438941505,0.9937571903801736,-11.488080247631974,1.066959509611088,1.9,1.9000000000000004,0.0,0.0,1.83,45.895,0.16,-0.5948197990412036,0.5087338010694993
8,15.3,15.009729729729727,14.8,0.1407026092554019,14.96,0.1500000000000003,0.0,0.08,5401.85,-14.3073797598178,-4.389929590615203,-13.827678727123777,-2.0552810633180325,0.40046107363936,1.0857335354866535,197.0575707548253,0.0766392040188144,-8.26000000000002,14.965714062556556,4.389929590615206,5.7740962691411895,0.46,0.4237837837837838,4.093243243243243,4.27,9.963783783783782,10.29,10.14,0.1865526713732444,-0.9526736518725782,-0.2936813548505735,0.9969131482526966,-9.80301187776883,-3.021981141412401,1.36,1.36,0.0,0.0,2.42,59.51000000000001,0.22,-0.5599528801798882,0.699735627839391
9,9.02,8.295945945945943,7.44,0.5639985598000564,8.53,1.0300000000000011,0.0,0.1499999999999994,2988.3500000000004,-6.667284791766653,-4.913823955780432,-6.340591661774492,-3.789503292422168,0.2896793095775201,0.6771610208743984,216.3904099407528,0.0571436264891286,3.1200000000000045,8.282412230921892,4.913823955780434,5.819425362431741,0.32,0.2740540540540541,4.156756756756757,4.32,7.467297297297298,7.85,7.803999999999999,0.3517573537804736,-0.9860846102526456,-0.1629193514478398,0.9994526370235344,-7.740764190483267,-1.2789169088655423,1.87,1.8700000000000003,0.0,0.0,1.85,43.18499999999999,0.18,-0.5641136329863423,0.5847574462978051
10,31.52,30.81324324324324,29.25,0.697582908194931,31.26,-1.8200000000000005,100.0,0.1899999999999977,11099.299999999996,1.9011430793757405,-30.69726276870889,5.082493138853887,-28.84885384496401,1.8116188689072288,0.8510767623903265,273.54391623448964,0.060942018614636,5.199999999999989,30.756077228727,30.69726276870889,31.51331564337467,0.19,0.1721621621621621,4.937027027027026,5.09,20.655405405405407,20.87,20.816,0.1154449580932834,-0.9802756605387042,-0.1686175970188754,0.9946719382133048,-20.45835303544276,-3.51904924978393,0.95,0.9500000000000002,0.0,0.0,2.25,56.77,0.21,-0.6083076474869782,0.6188213070671943
11,14.1,13.408378378378378,12.92,0.3351604175293547,13.39,-0.7999999999999989,0.0,0.1199999999999992,4824.099999999999,-6.164917009105852,-11.445335788480204,-0.1462381912188075,-8.634209336234605,3.041816895030965,1.281553814757312,241.69131283273265,0.2486955824865202,51.610000000000014,13.000073578262104,11.445335788480206,13.299196005451948,0.71,0.5218918918918919,2.615945945945946,2.97,17.93378378378378,18.44,18.404,0.3247647909899781,-0.9390347351003762,-0.3392462199825343,0.9984358925326512,-17.315800515250938,-6.255700296477934,1.37,1.3699999999999997,0.0,0.0,2.44,59.585,0.2299999999999999,-0.5798067960956741,0.709755253652733
12,13.62,12.245945945945945,10.54,1.077866911153339,12.37,2.640000000000001,0.0,0.200000000000001,4412.4,-11.964490916225468,-0.5663654970133333,-10.322126137673294,4.924515145729752,1.099893239949253,2.538781457560746,182.7101986236053,0.2103930346398563,-33.609999999999985,11.977888493413555,0.5663654970133359,2.821005417110284,0.34,0.3159459459459459,4.071621621621622,4.54,7.76945945945946,8.15,8.124,0.2389271736375135,-0.9961675653821448,0.0470083655234957,0.9972760925383604,-8.118765657864481,0.3831181790164905,1.9,1.9000000000000004,0.0,0.0,2.23,54.855,0.22,-0.6282904590815387,0.6554981823439677
13,16.5,16.24891891891892,16.0,0.1615596916511009,16.0,0.0599999999999987,97.29729729729728,0.0899999999999998,5848.6,-1.3286881740238832,15.718908230175186,4.883363601126454,16.315468314504148,3.8685308537197662,0.4883117743057947,94.83161331469763,0.2433197655357595,-45.38,15.774963968658062,-15.718908230175186,-14.269648901875009,0.51,0.5008108108108108,5.463243243243243,5.72,18.688918918918915,19.15,18.834,0.134441462872775,-0.9058573992236568,-0.4203551543262188,0.9986371130179704,-17.347169195133027,-8.04980120534709,1.57,1.57,0.0,0.0,1.94,47.095000000000006,0.19,-0.5718678861338652,0.5773481605288386
14,19.08,17.538378378378383,16.79,0.710525171258531,17.02,1.8699999999999972,100.0,0.1600000000000001,6307.750000000002,12.57824198180512,-10.309294951768432,17.057226250490494,-2.288041223312653,4.361279855908422,4.958333028872374,320.6614966269475,0.3885427900297172,-73.29000000000002,16.263263318147526,10.30929495176843,18.84143289115516,0.48,0.4751351351351351,5.698648648648648,5.9,11.65783783783784,12.15,12.14,0.3441647557621766,-0.993737801313218,-0.0989452714378267,0.9986515831353464,-12.0739142859556,-1.202185047969595,1.79,1.79,0.0,0.0,2.58,62.870000000000005,0.24,-0.560365235883335,0.7639567715962642
15,8.41,8.187567567567568,7.95,0.1206604663397524,8.29,-0.0899999999999998,0.0,0.0899999999999998,2945.75,-6.4966668735016215,4.766330344070319,-3.935289737931424,7.432468949045911,0.9178243170341712,1.1330643100122595,143.7340747840878,0.1789059389571794,30.66,8.057579376838854,-4.766330344070317,-3.6012667681905315,0.18,0.1513513513513513,2.9762162162162165,3.29,10.522432432432431,11.65,11.554,0.7361529123079585,-0.9971316556076792,-0.0455030841153551,0.9981693590162544,-11.616583787829462,-0.5301109299438874,1.6,1.6000000000000003,0.0,0.0,2.12,52.105,0.21,-0.6693878618520124,0.6305795217384867
16,7.07,4.832972972972972,2.93,1.4262156784412734,4.91,4.11,0.0,0.2299999999999995,1738.0500000000004,-4.381658692494247,-1.438535136657805,-2.9206439604320864,0.0536004445765858,0.9881215313781392,1.7739837995980583,198.1754400958118,0.3061129475413744,49.71000000000001,4.611758475561083,1.4385351366578056,5.78928086923405,0.12,0.0975675675675675,4.282702702702703,4.4,11.941891891891892,12.14,12.118,0.1222721341889617,-0.9819157270972888,-0.1781936292255674,0.9979536385111166,-11.920456926961087,-2.163270658798388,1.73,1.7299999999999998,0.0,0.0,2.15,51.39,0.2,-0.5385873008253951,0.6480079042524893
17,34.66,33.78351351351351,31.93,0.916884313537962,34.33,-2.509999999999998,100.0,0.1799999999999997,12168.05,33.083021552503936,3.7597082972071223,34.66,10.941647525975933,1.4261896519451545,5.613441343357761,6.483542228649853,0.170508078382411,28.94,33.295971550977875,-3.759708297207128,5.328225704153656,0.26,0.2024324324324324,4.216486486486486,4.35,12.637567567567569,13.11,12.878,0.1891432376627371,-0.9742899811490644,-0.2232053336367864,0.99953068403694,-12.772941652864231,-2.92622192397827,1.49,1.4900000000000002,0.0,0.0,2.21,56.3,0.19,-0.6011042099535159,0.5989472136940106
18,13.63,13.256756756756756,12.76,0.331899154775713,13.56,0.5699999999999985,0.0,0.1000000000000014,4774.150000000001,-4.987771829779208,-12.26178205555034,-3.851870895794085,-11.980546726239544,0.7624211601363382,0.2032331852274695,247.86479566210124,0.0540378547329372,-4.460000000000008,13.23741542007938,12.26178205555034,12.642875342980078,0.35,0.3489189189189189,4.4762162162162165,4.61,16.385405405405407,16.89,16.706,0.2751961913881903,-0.8825634587650991,0.4458456250977436,0.9887854065297548,-14.906496818542523,7.530332607900891,0.78,0.7800000000000001,0.0,0.0,2.11,50.94499999999999,0.21,-0.6549761358259056,0.6387973771988604
19,15.57,14.649729729729732,13.67,0.7207259346658249,14.67,-1.3100000000000005,0.0,0.1600000000000001,5274.45,5.740044362548908,13.205874522049088,7.683065637704582,15.28067602595663,2.326819229837356,1.541657589269232,66.50741954610652,0.1856562196569803,-30.31,14.39941773739948,-13.205874522049088,-11.414996341034266,0.26,0.2518918918918919,2.174324324324324,2.25,10.435945945945946,10.75,10.734,0.2557179554779737,-0.993567209543788,0.0907521444593487,0.9977032382450204,-10.68084750259572,0.9755855529379994,0.87,0.8700000000000001,0.0,0.0,1.92,48.830000000000005,0.18,-0.637768648384808,0.5276621259964589
20,26.01,25.13972972972973,23.39,0.7611317550697791,25.52,-1.7699999999999996,100.0,0.1600000000000001,9058.95,-5.049449105205498,-24.00977298704878,4.921392443866711,-21.90737589552219,5.322108540737688,1.514713820284748,258.1233161528567,0.2206755880506922,-26.869999999999976,24.53499816905797,24.00977298704878,26.004484133381197,0.8,0.6283783783783784,5.189459459459459,5.95,9.296756756756755,9.6,9.58,0.2121582027518304,-0.9721164321075392,-0.2305940222686955,0.9990915677151656,-9.332317748232375,-2.213702613779477,0.79,0.7899999999999999,0.0,0.0,2.02,50.145,0.19,-0.6553522007651188,0.5763937914097867
21,3.17,2.0454054054054054,1.37,0.5473256582574929,1.87,-1.5,0.0,0.1200000000000001,732.5999999999999,-1.9562862298218944,0.1330709965173851,-1.3010129024488108,1.464233837585896,0.5081907039882662,0.6166256189323185,176.10860647349102,0.2906542254278796,59.16,1.9608069010243956,-0.1330709965173848,0.8762973937996527,0.8,0.6283783783783784,5.189459459459459,5.95,12.040810810810813,13.21,12.968,0.7274144451536975,-0.9930465615607186,-0.1147280677579315,0.9996519409069512,-13.118145078217092,-1.5155577750822753,0.57,0.57,0.0,0.0,1.9,45.67,0.19,-0.7012455141403325,0.5856603971616198
22,17.45,16.325675675675676,15.78,0.5538296183530492,15.91,-1.3900000000000006,48.648648648648646,0.1499999999999985,5872.950000000001,-10.264190617290453,12.431132384534552,-8.053235243469551,14.56507924789958,1.793898581411577,1.9312379457813889,129.54595194221832,0.1588474374929884,16.109999999999985,16.121000632401735,-12.431132384534552,-8.63375923462847,0.8,0.6283783783783784,5.189459459459459,5.95,18.89351351351351,19.08,19.05,0.1414637039919239,-0.9719638584826772,-0.1990552588357867,0.9921374593607056,-18.54507041984948,-3.79797433858681,0.36,0.3599999999999999,0.0,0.0,2.21,52.425,0.2,-0.532487618090871,0.683673637106556
23,28.52,27.830270270270272,27.11,0.4842686683755178,28.08,-0.5999999999999979,100.0,0.120000000000001,10022.500000000002,7.643038790467962,-23.51898198959935,24.386878550707745,-11.97869168786936,11.577452745610165,5.4002306990467215,288.0027726588953,0.4860430698723305,84.08999999999997,24.729709981714237,23.51898198959935,28.513951844830128,0.67,0.6337837837837837,8.824594594594595,9.05,18.04216216216216,18.86,18.802,0.7223016332385723,-0.8325908646054024,-0.5409185886403133,0.992874849797798,-15.702663706457887,-10.201724581756308,0.57,0.57,0.0,0.0,1.98,49.185,0.18,-0.5760171505631767,0.5624493808893557
24,15.43,15.030270270270268,14.08,0.4505521326675507,15.37,0.92,0.0,0.1399999999999988,5415.799999999999,14.511189978038134,3.7417472913811647,15.256108022072125,5.526736252055766,0.502260214582148,1.1333353110165043,14.458906881213847,0.0769498246916317,14.47,14.985836892588704,-3.741747291381168,-1.7525010278486606,0.14,0.1308108108108108,1.8186486486486488,1.87,14.768108108108104,15.5,15.314,0.3361775418792699,-0.986951027935294,-0.1188146447906231,0.9940770852198816,-15.297740932997057,-1.8416269942546597,1.75,1.75,0.0,0.0,1.81,43.535,0.16,-0.5101360277692968,0.5327184031034718
25,15.81,15.554594594594594,15.32,0.1379697302210454,15.47,0.0700000000000002,0.0,0.08,5600.350000000001,-15.329180184132875,-1.8879869387959067,-14.752449956466814,0.7062740353321808,0.3435834715607012,1.8160779851215036,187.0213567051201,0.1189138241877256,-6.700000000000017,15.445007601120691,1.8879869387959092,4.916067562792681,0.56,0.5427027027027027,6.133243243243244,6.69,8.87243243243243,9.42,9.394,0.4198932000981654,-0.9634532079810652,-0.263086810936807,0.998727567486702,-9.075729219181634,-2.478277759024722,1.48,1.4799999999999995,0.0,0.0,1.83,44.81,0.18,-0.6678017766156582,0.5422904108505989
26,6.99,6.507027027027027,6.17,0.2599674081949387,6.42,0.0600000000000005,0.0,0.1599999999999992,2338.0,6.360019522276261,0.5866359011889637,6.90539093963409,3.0729834493786767,0.1606557363164394,1.2606282219090057,5.269940349542697,0.1929522773305627,30.909999999999968,6.387017301080289,-0.586635901188965,0.5997371919119785,0.24,0.2362162162162162,3.9759459459459454,4.45,13.079729729729731,14.62,14.33,0.8673117413500813,-0.9994050219965468,0.0157092173487445,0.99952847758412,-14.611301421589516,0.2296687576386458,1.87,1.8700000000000003,0.0,0.0,2.2,54.115,0.2,-0.5735452792894021,0.6406168274790939
27,17.14,16.752972972972973,16.01,0.3280315151707462,17.1,0.3299999999999983,100.0,0.120000000000001,6036.849999999999,16.372418447701442,-2.424076957037117,17.052278941652506,1.348035504408273,0.6084753160597103,2.543075102623048,351.57805294375714,0.1557905931037396,-27.6099999999999,16.550898311580337,2.424076957037114,6.585304619554431,0.35,0.3494594594594594,4.994864864864865,5.92,14.081621621621624,14.47,14.46,0.3374187671090191,-0.9910512070365852,-0.0568768543920511,0.9926819589043648,-14.340510965819387,-0.82300808305298,1.06,1.0600000000000005,0.0,0.0,2.2,52.765,0.22,-0.57717822988568,0.6617768321742834
28,13.82,13.046756756756755,12.41,0.4846233090179788,12.83,1.0999999999999996,0.0,0.1300000000000007,4697.7,-4.877507860708074,-12.082946750104044,-4.007568017225298,-11.330199415387169,0.4621814532812593,0.6718815585693141,248.01761043408663,0.0503031974389279,4.939999999999998,13.030260361831568,12.082946750104044,13.181818088173214,0.59,0.4937837837837838,5.689459459459459,6.45,14.334594594594597,14.86,14.802,0.3224701502598643,-0.9886503920107887,-0.1366251379682145,0.998046104119404,-14.69134482528032,-2.030249550207668,0.78,0.7800000000000001,0.0,0.0,2.56,63.290000000000006,0.23,-0.5787734056866555,0.7356139140427103
29,17.14,16.871891891891895,16.67,0.1592352982366939,17.05,-0.0800000000000018,100.0,0.0800000000000018,6075.0,-12.118351233212632,11.672064168642946,-11.101022066937794,13.006817791810578,0.8261649955619353,0.9549998552750674,136.07469188797626,0.0743494363689676,-9.53,16.825323728488097,-11.672064168642942,-9.607240466581,0.32,0.2740540540540541,4.656756756756757,4.82,9.090810810810812,9.98,9.832,0.4511389692909005,-0.9472022703225264,-0.2599962192459517,0.9822373312628356,-9.453078657818814,-2.5947622680745983,0.42,0.42,0.0,0.0,2.18,54.39000000000001,0.18,-0.552582270419637,0.6085856383302884
30,16.44,15.421891891891892,14.96,0.3885164982259029,15.2,-1.1700000000000017,10.81081081081081,0.1500000000000021,5547.55,-15.191245619390967,2.4550795534934933,-14.318477530653071,4.333912920696856,0.4972772740899874,0.9680138555935908,170.81971994437123,0.0659883355165225,-2.0200000000000102,15.388351408862714,-2.455079553493491,-1.306115865811036,0.71,0.5218918918918919,3.115945945945946,3.47,19.06945945945946,20.81,20.592,0.9641827401818456,-0.8990716200138893,-0.4268329658072213,0.9952467827700766,-18.709680412489035,-8.882394018448275,0.92,0.9200000000000002,0.0,0.0,1.85,46.09499999999999,0.1699999999999999,-0.6117331097808003,0.5274998571967445
31,22.41,21.837027027027027,21.37,0.3213978326577628,21.57,-1.0399999999999991,100.0,0.1700000000000017,7860.799999999999,-7.533425293761619,-19.46147961910552,1.46905119996712,-12.110076784183288,5.890448649019271,2.5999951995467456,248.8388699644196,0.3011899170310903,60.41,20.86867714114977,19.46147961910552,22.170914594284795,0.67,0.6337837837837837,9.324594594594595,9.55,18.628108108108105,18.93,18.866,0.1747714776321298,-0.9931018210685316,-0.1148271313416802,0.99971820884777,-18.799417472827304,-2.1736775962980066,1.64,1.64,0.0,0.0,2.38,58.2,0.22,-0.5713236808598503,0.6946505393391966
32,8.85,8.554864864864864,8.31,0.1738533339872872,8.43,0.0600000000000005,0.0,0.1100000000000012,3077.1000000000004,2.32874885799586,-8.084127635687002,4.158500553170436,-7.540959333908567,1.5266850741615867,0.3301206574492212,286.0698043191809,0.1829687550047313,-29.49000000000001,8.412858662410498,8.084127635687,8.720859901578887,0.56,0.5427027027027027,6.633243243243244,7.19,12.764864864864869,13.24,13.17,0.3063703960508148,-0.8757161842853138,-0.4802819742691377,0.998774053641308,-11.594482279937557,-6.358933339323384,0.61,0.6099999999999999,0.0,0.0,1.87,46.21000000000001,0.19,-0.6353760944268343,0.5429018693438386
33,22.03,21.339729729729733,20.07,0.5377605540019343,21.52,-1.6400000000000006,100.0,0.1499999999999985,7686.8,17.140564498345455,-11.556058890496562,20.067478855509883,-5.228325488457967,2.635225172093301,4.624650391235208,326.0124030907403,0.2521067690697224,37.45999999999998,20.67223859195141,11.556058890496558,17.55774593041647,0.24,0.2362162162162162,4.475945945945947,4.95,25.806756756756755,26.67,26.63,0.6815643930794842,-0.8813698625315953,-0.4639336051423933,0.9960156748562652,-23.50613423371765,-12.373109249147632,0.43,0.4299999999999999,0.0,0.0,2.15,51.825,0.2,-0.5744245640950062,0.6433763205516685
34,22.53,21.936486486486487,21.29,0.4536829242580452,21.9,-0.8200000000000003,100.0,0.1100000000000029,7896.0,17.143122999057105,-12.89396344719369,20.27223033165217,-7.57141184855517,2.5224700231788173,3.861535058932404,323.051849560002,0.2115885722441066,33.44999999999999,21.450896474002377,12.893963447193686,18.612066607496587,0.35,0.3494594594594594,5.494864864864865,6.42,13.74135135135135,14.43,14.366,0.5740381480974472,-0.9918268258193018,-0.1015960545043568,0.9970166551796634,-14.312061096572524,-1.4660310664978693,1.57,1.57,0.0,0.0,1.83,45.655,0.19,-0.7355059884936316,0.5273336599317411
35,6.15,5.827837837837839,5.33,0.2630911375862101,6.14,0.1099999999999994,0.0,0.1499999999999994,2097.15,-3.7614889837983303,-4.416069287011508,-3.165865394634184,-3.588702533336434,0.3239934130712197,0.5267558791079043,229.5765364327141,0.09625581960788,8.850000000000023,5.800902285241713,4.416069287011509,5.016510414863785,0.8,0.7772972972972974,9.012972972972973,9.16,13.71972972972973,14.35,14.218,0.4025626456972104,-0.7692968320259683,-0.624690391749979,0.9909872356947556,-11.039409539572643,-8.964307121612197,1.96,1.959999999999999,0.0,0.0,2.11,52.760000000000005,0.19,-0.5882091073098565,0.596092707307256
36,18.83,18.09486486486486,16.61,0.5458968401785027,18.83,1.4299999999999995,100.0,0.25,6521.85,6.825564225795822,-16.68006478583519,9.036619443995663,-15.762037435720744,1.6000676545465642,0.5907902153800644,292.254618250976,0.0894823428749728,-4.069999999999993,18.02256608422127,16.680064785835185,17.52226230093056,0.23,0.0372972972972972,6.854054054054054,7.59,13.454594594594594,14.06,13.994,0.3615402081829125,-0.9399031719446446,-0.3382776573693498,0.9989242944822692,-13.215038597541705,-4.756183862613059,1.83,1.83,0.0,0.0,2.18,55.00000000000001,0.19,-0.5749036633402479,0.5968004537468141
37,11.72,11.009729729729733,10.3,0.3983580250769026,11.02,-1.42,0.0,0.1099999999999994,3963.5,-2.60514082190981,-10.663277077488493,-1.7879461795078546,-9.226630305772687,0.8129051862060084,0.4688136760001902,256.2710230025822,0.0772882917676071,-6.509999999999991,10.976895587244712,10.663277077488493,11.144505010658769,0.32,0.2740540540540541,5.156756756756757,5.32,9.652162162162162,10.05,10.004,0.3578247731754019,-0.9995266170090604,0.0208606429030219,0.9997442795694828,-10.045242500941058,0.2096494611753705,0.8,0.8000000000000002,0.0,0.0,2.08,50.03000000000001,0.2,-0.6428993123800675,0.6371191553511891
38,13.62,12.347027027027028,11.11,0.7187484048954892,12.54,2.51,0.0,0.1400000000000005,4444.750000000001,-10.8960373213826,-5.654475829342887,-9.96511363132054,-3.4736192530337875,0.3482022497878823,1.4655049148102244,207.42696146441412,0.1075231767788184,9.129999999999995,12.275859489811108,5.654475829342888,7.88399547120169,0.71,0.5218918918918919,3.6159459459459455,3.97,20.715945945945947,21.22,20.96,0.2549346440832135,-0.911413860830836,-0.4086613765479251,0.9988389992369217,-19.34020212683033,-8.67179441034697,0.62,0.6200000000000001,0.0,0.0,1.99,49.02,0.17,-0.5362219101094777,0.5665179483732817
39,18.08,17.67810810810811,16.96,0.3407054512755162,17.94,0.91,100.0,0.1000000000000014,6366.749999999999,-3.34961181421614,-17.066766964043868,1.5983008285318758,-16.70410281758684,3.176151543336107,0.2218421721287251,258.8959744820673,0.1805303604399263,-20.150000000000038,17.3923671163794,17.066766964043868,17.443604532460895,0.17,0.1567567567567567,1.3262162162162163,1.33,13.125945945945944,13.28,13.254,0.0859748379110708,-0.7991599413165568,-0.5827751211263171,0.9890821268271286,-10.612844020683871,-7.739253608557491,0.85,0.8500000000000002,0.0,0.0,2.62,65.235,0.2499999999999999,-0.6120779932476204,0.7468687007093968
40,16.92,16.446486486486485,15.96,0.3174153746869477,16.63,0.0,89.1891891891892,0.1300000000000025,5920.400000000001,-10.706663568198875,-12.456158158863326,-9.42432017534916,-11.356595562223504,0.7165197301559593,0.534554866550629,229.31936543261853,0.0508462186602194,4.990000000000009,16.42524035870448,12.456158158863332,13.232454627993365,0.21,0.2029729729729729,1.3013513513513513,1.33,16.97486486486487,17.73,17.69,0.5183060851993844,-0.9936923368230044,-0.081704266990638,0.9970456596892846,-17.61816513187187,-1.4486166537440126,0.58,0.5799999999999997,0.0,0.0,2.09,53.38,0.1899999999999999,-0.6097389291509081,0.5615110574517777
41,15.02,14.594864864864864,14.1,0.2149496687991716,14.69,0.92,0.0,0.1500000000000003,5254.500000000001,-7.908540178861269,12.198345297721056,-5.81806736987516,13.847400192079158,1.0882098872855492,0.7262556450048008,122.95650849398632,0.088596527327087,-19.279999999999973,14.537697058444175,-12.198345297721056,-10.466807510692089,0.2,0.1835135135135135,1.035945945945946,1.11,13.204324324324324,13.35,13.292,0.0776179326082658,-0.9770077842884324,-0.2066245644560626,0.998618005644225,-13.043053920250571,-2.7584379354884363,0.33,0.33,0.0,0.0,1.93,48.585,0.18,-0.6094520444853614,0.5347719215095929
42,28.34,27.532702702702704,25.45,0.7833215785347043,28.3,2.539999999999999,100.0,0.259999999999998,9919.9,-0.7236511931356968,-27.366206526451677,3.803518792697748,-24.919417505326496,2.875619173857216,0.9804052631553478,268.4852668874782,0.1069212164508835,19.53000000000003,27.37577269590272,27.366206526451677,28.333990016917458,0.14,0.1281081081081081,0.8232432432432433,0.89,18.290540540540537,19.83,19.58,0.939513807403814,-0.861247129185628,-0.4860201628218162,0.9889197218176158,-17.078530571751,-9.637779828756615,1.59,1.5900000000000003,0.0,0.0,1.86,44.21500000000001,0.17,-0.5204376801342969,0.5634277593704613
43,18.67,17.935675675675675,16.52,0.5810686359446685,18.26,-2.150000000000002,100.0,0.1499999999999985,6460.250000000001,-16.470839388949653,-6.874555174864528,-12.862006838417464,-5.192303220394786,1.248294356106706,1.3855702343738443,202.65455144352484,0.0990465158993727,11.840000000000003,17.847914696928378,6.874555174864531,10.367216602758065,0.1,0.0832432432432432,0.7056756756756757,0.73,10.450270270270272,11.23,10.894,0.3750782728148416,-0.967954779621992,-0.2503107856656024,0.9997959515889182,-10.870132175154971,-2.810990123024716,0.84,0.84,0.0,0.0,1.88,47.06,0.17,-0.5729645258620261,0.5258960838562498
44,13.09,12.65891891891892,11.68,0.4830241658314932,12.88,1.2800000000000011,0.0,0.1999999999999993,4560.4,5.713085304831085,11.231838549758924,6.693326868926608,11.63444115972429,1.2818309541767563,0.2119175248235286,63.03979234050007,0.0954943225287111,-20.539999999999992,12.601330918126369,-11.231838549758924,-10.829155181294505,0.71,0.5997297297297297,6.283513513513514,7.18,8.900540540540538,10.15,9.694,0.640286869601034,-0.8684381690138807,-0.4936589624330638,0.9989414520334366,-8.814647415490889,-5.010638468695598,1.7,1.7000000000000004,0.0,0.0,1.98,50.620000000000005,0.18,-0.6158234649549178,0.5333902757525191
45,16.27,15.293243243243245,14.12,0.6308298012380377,15.25,2.1500000000000004,21.62162162162162,0.120000000000001,5506.549999999999,-7.222076319813128,13.323468349053565,-3.657186727814745,15.85363949501488,1.5593154946084555,1.4753220346661624,118.4602071233014,0.1347769171378245,-22.31,15.154972623447316,-13.32346834905356,-11.159849890733662,0.84,0.822972972972973,5.64972972972973,5.79,12.664054054054054,13.91,13.73,0.7211831849588207,-0.8877381540740464,-0.4581143204218683,0.9989733533855574,-12.348437723169988,-6.372370197068188,0.81,0.8099999999999998,0.0,0.0,1.93,45.790000000000006,0.1699999999999999,-0.5059324531210909,0.586752337304556
46,15.58,15.226486486486486,14.35,0.3192492563111508,15.42,-1.09,0.0,0.1500000000000003,5484.849999999999,-9.83224782130602,-10.855468960220112,-4.550946628456423,-6.547198671181154,3.150037681237707,2.74057837904959,227.8315602526272,0.2787408606307379,46.41999999999999,14.646306823424098,10.855468960220112,13.722144221764944,0.58,0.5583783783783783,5.132432432432433,5.19,8.810810810810809,9.16,9.098,0.2866052787878694,-0.8238159494328883,-0.5633062458050259,0.9979913051239292,-7.546154096805257,-5.159885211574037,1.64,1.64,0.0,0.0,2.23,54.925,0.19,-0.5550936745233234,0.6389177756426411
47,15.81,15.20405405405405,14.85,0.2285495919862429,15.19,0.7200000000000006,0.0,0.0999999999999996,5471.0,14.398222859030604,-4.728009563221588,14.951098870576056,-2.0427291945481576,0.2558838365518087,1.2194761697384375,341.8211374530458,0.0806947882118512,-16.620000000000005,15.154632820633635,4.728009563221586,6.596876579841588,0.84,0.822972972972973,8.475135135135135,8.69,10.52891891891892,11.14,11.068,0.3599082749796556,-0.9599498557046672,-0.2696314811333127,0.997098220380297,-10.693841392549992,-3.0036946998251044,0.83,0.8299999999999997,0.0,0.0,1.98,49.82,0.18,-0.7163285588631003,0.5606634127364655
48,16.03,14.704594594594592,13.56,0.71941640986399,14.57,-2.4700000000000006,2.702702702702702,0.1300000000000007,5292.749999999999,13.521396556429316,-3.6122814033862496,14.307518453301418,3.8739342620114416,0.5625575220729278,4.533150055210242,345.0425720662224,0.3143794075656496,57.03000000000003,13.995597228181037,3.612281403386248,10.395752400220786,0.84,0.822972972972973,8.475135135135135,8.69,14.226756756756757,14.51,14.48,0.2895574820779445,-0.9809294274026716,-0.1920458069331018,0.9995519663855,-14.233285991612767,-2.786584658599308,1.39,1.39,0.0,0.0,2.58,63.125,0.2299999999999999,-0.5482026011805896,0.750942237441538
49,17.06,16.69351351351351,16.44,0.1990954710035908,16.46,0.5400000000000027,100.0,0.1099999999999994,6009.200000000001,-6.350176456176012,-15.279215726215352,-3.454348545083588,-13.984907294175269,2.005261613515252,0.9553973314783542,247.43179975057876,0.1331112888566991,11.429999999999978,16.54627372651615,15.279215726215352,16.691519059131902,0.84,0.822972972972973,5.64972972972973,5.79,12.321081081081084,12.79,12.674,0.4253887492875816,-0.9838469950705356,-0.1712837959576403,0.99864560704335,-12.583403066952153,-2.19071975029822,0.88,0.8799999999999999,0.0,0.0,1.82,45.495000000000005,0.18,-0.6946796672567157,0.5234996300605038
50,21.21,20.895945945945947,20.41,0.2554747510606686,21.17,-0.0799999999999983,100.0,0.1099999999999994,7527.0,11.356137689216268,-16.542588703661668,17.687365191380696,-10.343945697205411,4.91616590954099,3.1492908470381966,304.4687757452279,0.2848146209837887,-56.81,20.06537077242663,16.542588703661664,20.459472193625817,0.84,0.822972972972973,1.9875675675675677,2.07,18.53702702702703,19.19,18.946,0.3069718260235661,-0.9585160013746796,-0.2813632692237705,0.998958564786144,-18.3939220663801,-5.399361136404155,0.77,0.7699999999999999,0.0,0.0,2.27,56.74999999999999,0.21,-0.6145265388843189,0.6419934485806322
51,17.08,15.857027027027025,14.54,0.7384236858403719,15.99,2.539999999999999,48.648648648648646,0.1199999999999992,5708.999999999999,4.986063381265437,-15.027823678968678,6.70615377343332,-13.866281148942646,0.8586727668549358,0.7462869334039844,288.35526553542815,0.0546186666279619,2.160000000000025,15.833392326604171,15.027823678968678,16.337798983025287,0.84,0.822972972972973,2.981081081081081,3.11,18.99621621621621,19.82,19.78,0.7184493487811522,-0.9919256854729996,-0.0285853368548806,0.9923374864350268,-19.65996708607485,-0.5665613764637343,1.56,1.5600000000000005,0.0,0.0,2.07,50.14499999999999,0.18,-0.5022361682656236,0.6017719148860752
52,15.57,14.51945945945946,14.18,0.4240343302391087,14.27,0.8000000000000007,0.0,0.1500000000000003,5220.500000000001,-7.114100930927459,-12.35065286824363,-2.1321410887843752,-11.016349047004455,2.564384407109863,1.1266687150189472,240.05762247056848,0.192456685311878,-35.41,14.2530368107038,12.35065286824363,14.61529590454868,0.84,0.822972972972973,2.981081081081081,3.11,12.106216216216216,12.62,12.544,0.4587724593594999,-0.9835619844114812,0.1203746770349659,0.9909007215915848,-12.412552243272891,1.5191284241812697,1.63,1.6300000000000003,0.0,0.0,2.18,50.11000000000001,0.19,-0.4803211044305227,0.6945759804004931
53,7.95,6.776216216216215,6.14,0.5550960537836884,6.56,-1.5300000000000002,0.0,0.1400000000000005,2435.35,-6.440452789991645,-2.0020273648621414,-5.93067385507913,-0.9888123967845114,0.3792142186532036,0.7706417484415631,197.2679593830802,0.0969492862420617,-12.759999999999993,6.744445545022067,2.0020273648621427,3.0344349165606133,0.84,0.822972972972973,1.9875675675675677,2.07,12.681891891891892,13.18,13.088,0.2794476969661119,-0.9017478877645272,-0.4299905668576714,0.9990200902256008,-11.885037160736466,-5.667275671184109,0.56,0.5599999999999998,0.0,0.0,2.08,51.325,0.18,-0.5358749006893421,0.5900124424533921
54,22.27,21.30837837837838,20.93,0.3815722347646854,21.05,0.8099999999999987,100.0,0.1600000000000001,7665.449999999999,3.560688985018347,-20.94822897851054,8.773027475216534,-19.584830581832865,1.5594363740897406,0.5039258849401762,279.6466897393513,0.0749016140978634,-13.149999999999975,21.248689450978844,20.94822897851054,21.872086358218315,0.84,0.822972972972973,4.84054054054054,4.91,12.84054054054054,13.14,13.102,0.2041454958885933,-0.9591494317777164,-0.2568465359072788,0.9929439941341534,-12.603223533559197,-3.374963481821644,0.53,0.5300000000000001,0.0,0.0,2.18,54.12,0.2,-0.5967776914096955,0.6196945452701239
55,13.4,12.400540540540542,11.83,0.5100235603776049,12.29,-1.5700000000000005,0.0,0.1300000000000007,4462.05,7.657663957777216,-9.44043847654942,10.28702890144156,-5.988160191475368,1.5337215776151247,1.979780778857232,309.04742791759134,0.1996980568892384,28.549999999999955,12.15572687747446,9.440438476549415,11.699672889620745,0.84,0.822972972972973,7.258918918918918,7.37,6.609999999999999,7.62,7.106,0.3785748524650295,-0.9799249281635676,-0.1913477789095016,0.99843218965034,-7.467027952606384,-1.4580700752904023,1.53,1.5300000000000002,0.0,0.0,2.03,50.24,0.18,-0.5796374204105839,0.5830305450903925
56,22.76,21.184594594594596,18.24,1.336725718484263,21.6,4.490000000000002,100.0,0.3000000000000007,7633.450000000001,-16.72582500357694,-11.52530747323996,-8.246730555006593,-3.927487259336346,4.45067206245789,4.263738684914948,214.56966173270132,0.2900068706334934,-53.170000000000016,20.312211460178343,11.52530747323996,16.269266583135227,0.84,0.822972972972973,7.258918918918918,7.37,13.56054054054054,14.0,13.95,0.3363552332743749,-0.9662188609524188,-0.2535096653419321,0.9989224382713446,-13.527064053333865,-3.54913531478705,1.35,1.3500000000000003,0.0,0.0,1.86,46.20000000000001,0.18,-0.758439880999433,0.548282130271867
57,19.36,17.8854054054054,16.92,0.8193952766706925,17.62,-2.18,100.0,0.1400000000000005,6434.9,-9.82732291444984,-14.80403683151874,-7.173093310267754,-12.152334245532185,1.5218341240888846,1.5834689324579203,236.42270968887436,0.1142993793485719,-7.989999999999981,17.768955573523005,14.804036831518744,16.951177357204404,0.24,0.2118918918918919,3.777567567567568,3.9,24.34351351351352,25.97,25.54,0.9050555193249904,-0.9184237800382272,-0.3938801383407361,0.9993216714947312,-23.85146556759276,-10.229067192708916,0.82,0.82,0.0,0.0,2.25,56.11,0.19,-0.5516180207887539,0.6273731570279688
58,12.85,12.562162162162162,12.1,0.1726601901742284,12.8,0.5899999999999999,0.0,0.0899999999999998,4524.049999999999,-8.818959886204924,-8.395126796240973,-2.809290608937587,-6.35915614718192,2.436684483047691,1.9099976597759336,223.58958871980644,0.2499273060518303,42.98999999999998,12.175886308579544,8.395126796240973,12.375135808326917,0.84,0.822972972972973,4.84054054054054,4.91,10.146756756756757,10.41,10.41,0.239448172511738,-0.9680491240292156,-0.2489095377369569,0.9995374252673868,-10.077391381144134,-2.591148287841721,1.38,1.3800000000000003,0.0,0.0,2.37,57.505,0.2099999999999999,-0.541215429805425,0.6971152077354928
59,12.28,12.011621621621622,11.7,0.1653581455183332,12.1,0.2400000000000002,0.0,0.120000000000001,4323.900000000001,-9.9489186830436,-6.689111362572627,-8.62782328458893,-5.650479937366615,0.517496506290765,0.5598221865574382,213.91473847530295,0.0620177344822768,-5.819999999999993,11.988544272876178,6.689111362572628,8.224783606266193,0.84,0.822972972972973,1.4545945945945946,1.5,15.531891891891894,15.94,15.87,0.2615529282164184,-0.9859620551967808,-0.160179659600912,0.9988887313598666,-15.716235159836684,-2.553263774038538,1.97,1.97,0.0,0.0,2.07,50.225,0.19,-0.5690999069095403,0.6123305657034177
60,15.57,15.307027027027033,14.47,0.2434755647306134,15.41,-0.8399999999999999,0.0,0.1900000000000012,5514.700000000001,-8.646351185752911,-12.622094101666208,-7.109977069828763,-12.225416289006334,0.4700593946467848,0.2583652135512694,235.588187023421,0.031231279505249,6.060000000000002,15.299563664977104,12.622094101666208,13.164085403330445,0.84,0.822972972972973,2.182702702702703,2.24,14.656756756756758,15.2,15.036,0.2361407511342296,-0.9547378438441654,0.207721053207197,0.977073378213588,-14.512015226431313,3.1573600087493943,0.37,0.3699999999999999,0.0,0.0,1.91,45.370000000000005,0.17,-0.5412155501345854,0.5833322828610668
61,12.74,11.454324324324324,9.63,1.0800989457691226,11.76,2.979999999999998,0.0,0.1900000000000012,4126.799999999999,-3.045654286867902,-10.894796447890672,-0.7019290598549338,-9.553431301761668,1.979806446647648,0.6898740589295356,254.38159700092248,0.1578558897255663,-21.33000000000004,11.312497499495327,10.894796447890672,11.577757396499372,0.84,0.822972972972973,2.182702702702703,2.24,11.122162162162162,11.52,11.45,0.2100467790257895,-0.996924894606508,0.0753319469445326,0.9997670467247114,-11.484574785866974,0.8678240288010158,1.76,1.7599999999999998,0.0,0.0,1.99,47.94500000000001,0.19,-0.5616602318737896,0.5940037605053705
62,15.12,13.339729729729733,12.61,0.8051707439754509,12.88,-2.3999999999999986,0.0,0.209999999999999,4796.500000000002,-3.35199115078571,-12.045019160907856,1.9920390911941357,-10.683148610378694,4.649001088476624,0.8155653296635931,254.4487228120404,0.359998676650328,53.13,12.502732951702324,12.045019160907856,12.866767191040664,0.84,0.822972972972973,1.4545945945945946,1.5,21.33648648648649,21.69,21.67,0.3805487944436561,-0.8971360282901713,-0.4414514269856271,0.9998661988705836,-19.458880453613816,-9.575081451318251,1.56,1.5600000000000005,0.0,0.0,2.0,47.440000000000005,0.19,-0.5261638235646476,0.6107752919593906
63,12.32,11.623243243243245,10.39,0.5512445577548556,11.65,-1.59,0.0,0.1500000000000003,4188.75,-1.3125879967680305,-11.51745899170285,1.2374194933856917,-10.316050261480363,0.8613170890430445,0.5357593222335337,263.4983337217405,0.0733560654917629,20.67999999999995,11.592012287554578,11.51745899170285,12.27404829386026,0.84,0.822972972972973,3.022162162162162,3.12,10.001621621621624,10.86,10.428,0.3200634524380431,-0.9264190038749872,-0.3732865075322484,0.9987967698417668,-10.060910382082362,-4.053891471800218,1.18,1.18,0.0,0.0,2.01,48.915,0.19,-0.576416222667774,0.5903787891534128
64,16.1,14.57027027027027,13.85,0.6358968405479348,14.27,2.2500000000000018,2.702702702702702,0.1699999999999999,5241.25,-5.886964580366326,-13.204698789696844,-3.66911872949748,-11.061101814155004,1.7396717439442275,0.8063874172837328,245.97156562231208,0.1246369891016758,14.909999999999997,14.457538590545385,13.204698789696849,14.918167912521568,0.84,0.822972972972973,4.532972972972973,4.68,20.401081081081085,22.07,21.59,0.7286187739484774,-0.9365874893959332,-0.3321891790031378,0.9937533778255832,-20.670485890968248,-7.331415180599252,0.8,0.8000000000000002,0.0,0.0,2.46,61.82,0.22,-0.600288011143266,0.6859768271965854
65,15.43,14.78216216216216,14.23,0.3758028172954762,14.53,-0.2699999999999996,0.0,0.1400000000000005,5316.450000000001,13.528971798446962,5.548710486606612,15.256108022072125,8.371776976396594,1.0608318854173695,1.9253352096391831,22.30027109002651,0.1473157449780282,24.91,14.622628559440036,-5.548710486606616,-2.3099930776663857,0.84,0.822972972972973,4.532972972972973,4.68,19.136486486486486,19.53,19.504,0.2662575081161015,-0.9443538904787406,-0.3152324592869968,0.9955781103712864,-18.443231481049807,-6.156489929875049,1.31,1.3100000000000005,0.0,0.0,1.9,45.615,0.19,-0.5816082337665126,0.5750650231599406
66,18.48,18.25918918918919,17.94,0.1489672261865707,17.95,0.1700000000000017,100.0,0.0999999999999978,6573.949999999999,-16.891615918293983,-4.5790988893860245,-15.141675278866074,5.24989432671068,1.1862648156152975,5.071303767117017,195.1676124248632,0.2911851472840256,-49.96000000000001,17.50128095226001,4.579098889386026,10.29864875308924,0.84,0.822972972972973,3.022162162162162,3.12,14.96891891891892,15.24,15.174,0.1246353336691938,-0.943619138025158,-0.3275165387590515,0.9988414092377488,-14.38075566350341,-4.991352050687945,0.36,0.3599999999999999,0.0,0.0,2.27,54.975,0.21,-0.5648307526301765,0.6743525423332749
67,22.17,21.96108108108108,21.43,0.1754497507763401,22.03,-0.6700000000000017,100.0,0.1000000000000014,7907.95,15.478989761980738,-15.21739198715441,18.62429182693069,-11.195028090421332,2.20550737500728,2.5074806363036317,315.4882688036063,0.1527372524276282,6.0,21.706407877449823,15.217391987154407,18.164491819751312,0.84,0.822972972972973,3.4654054054054053,3.54,16.554054054054053,16.95,16.89,0.2385707381012164,-0.9660879175800992,-0.2288300969591434,0.992818753735335,-16.375190202982683,-3.878670143457481,1.64,1.64,0.0,0.0,1.96,48.26500000000001,0.1999999999999999,-0.6272608615776994,0.5737066949271523
68,22.68,21.77675675675676,20.55,0.7724060480051196,21.98,-1.9899999999999984,100.0,0.1899999999999977,7841.95,-20.66396596480676,2.3155681078659747,-17.83938983567343,10.556374278747532,1.6979894280673342,6.291202809579374,173.6062079065396,0.3040143234217672,-49.80000000000001,20.79330048493644,-2.3155681078659707,8.191347857463594,0.29,0.2756756756756757,0.5597297297297298,0.67,10.567567567567568,11.91,11.704,0.7397275079211023,-0.9503425191524542,-0.291220560275589,0.9939619300739142,-11.31857940310573,-3.4684368728822657,0.85,0.8500000000000002,0.0,0.0,2.33,58.135000000000005,0.2,-0.569794301519295,0.6510938147364176
69,8.08,7.23972972972973,5.89,0.6976853100208187,7.33,2.1800000000000006,0.0,0.1299999999999999,2608.9,6.973060188742855,-1.5614544314987904,8.076568070986832,0.2239196895134968,0.9312488613471368,0.9856564168681078,347.37816172119807,0.1616566806562273,30.019999999999985,7.145747570232085,1.5614544314987888,2.804139040660002,0.84,0.822972972972973,5.197837837837838,5.32,11.397027027027027,11.86,11.794,0.2771560675071471,-0.9987129642878492,-0.0298620388672399,0.9991593098209768,-11.84473575645389,-0.3541637809654657,1.34,1.3400000000000003,0.0,0.0,2.14,52.135000000000005,0.21,-0.5838055472149316,0.6299944925379871
70,10.94,9.7772972972973,8.92,0.7075715937366095,9.66,-2.02,0.0,0.1100000000000012,3518.2999999999997,-8.796508501564238,-4.219749754197349,-7.778200738819883,-2.448207709375253,0.7096009610147439,0.6386052536477068,205.6273763471156,0.0656155723100568,-12.5,9.756272331487088,4.21974975419735,5.208366910835386,0.84,0.822972972972973,5.197837837837838,5.32,12.838648648648649,13.67,13.342,0.3682916159649385,-0.9725289270185212,-0.1894682451160882,0.9908131659375374,-13.294470432343184,-2.5900309107369264,1.21,1.2100000000000002,0.0,0.0,2.05,51.395,0.19,-0.5996501628613395,0.5744349019145848
71,17.65,16.41918918918919,14.86,0.6929622211081395,16.53,-2.789999999999999,75.67567567567568,0.1799999999999997,5912.55,-0.9216575877601456,-15.960484153469384,2.654745102853852,-12.506251174530746,3.5783900940380997,1.2956031348129189,266.69505578295724,0.2309556550669313,-35.389999999999986,15.987073125566893,15.960484153469388,17.63040629307877,0.84,0.822972972972973,3.4654054054054053,3.54,9.63,10.59,10.33,0.5374262991583377,-0.9986714279223466,-0.0141741430991691,0.99877200966039,-10.57593042169765,-0.1501041754202018,1.19,1.1899999999999995,0.0,0.0,1.85,46.42000000000001,0.16,-0.5404770132299891,0.5023611161458853
72,20.95,20.293513513513517,19.52,0.5204946515093289,20.33,0.8999999999999986,100.0,0.1499999999999985,7304.8,-9.704437212822636,-17.641142037619925,-6.086564924494575,-16.023540037749303,2.4437990168472794,0.8599172992585925,241.18469538941096,0.125550477561299,-8.140000000000015,20.134199611832045,17.641142037619925,18.60501105486587,0.4,0.3818918918918919,1.9875675675675677,2.07,25.717297297297296,26.12,26.082,0.2417129037319548,-0.9842386576255772,-0.1481277325304121,0.9953228422523012,-25.70831373718008,-3.869096373694365,1.84,1.8400000000000003,0.0,0.0,1.96,48.745,0.1799999999999999,-0.5719847561465814,0.5504897878926925
73,12.99,11.71054054054054,10.38,0.8734552261794809,11.79,-2.6,0.0,0.1500000000000003,4216.000000000001,-5.976894208611848,-9.998983356637996,-3.821441761488325,-9.340814276026263,1.3967531298193154,0.4958144117129779,239.13112032861136,0.1025207157058072,10.829999999999984,11.649160164890064,9.998983356637996,10.966604767989017,0.4,0.3818918918918919,2.981081081081081,3.11,10.920810810810812,11.64,11.406,0.2785617344200857,-0.9263590153069768,-0.3749618275713265,0.999368499291498,-10.78281893817321,-4.3645556729302415,0.59,0.59,0.0,0.0,2.31,58.72,0.21,-0.6321699282808622,0.6317001998097967
74,15.34,14.865675675675677,14.1,0.3158561128155064,15.24,-0.3399999999999998,0.0,0.1300000000000007,5357.599999999999,5.199997091119842,-13.906278852461645,6.130109972661791,-13.022931229746524,0.6824394531112832,0.4447398128556401,290.5023585612787,0.0505401672863722,-2.4499999999999886,14.846702033450958,13.90627885246164,14.538767409547043,0.4,0.3818918918918919,2.981081081081081,3.11,13.723513513513511,14.2,14.09,0.2703672798871955,-0.975274553079298,-0.2181792398154091,0.9993811257825788,-13.848898653726032,-3.098145205378809,0.49,0.4899999999999997,0.0,0.0,2.04,50.575,0.18,-0.5759084977501293,0.5842176815953776
75,14.37,13.757567567567568,12.86,0.5695821389423928,14.14,0.8300000000000001,0.0,0.1699999999999999,4954.95,4.270646140433051,-12.994157371817437,7.83533296302219,-10.5234004655614,1.2254454957365326,1.003408324569352,288.19357165826943,0.1077347168097968,-14.04000000000002,13.677958336694594,12.994157371817437,13.97295575611461,0.4,0.3818918918918919,1.9875675675675677,2.07,11.462432432432433,12.04,11.99,0.4794839873064298,-0.8720996384530305,-0.4881272963370373,0.9994128460347168,-10.500079646974486,-5.877052647897928,0.62,0.6200000000000001,0.0,0.0,1.84,45.31499999999999,0.16,-0.5481395155854872,0.5283502446370542
76,17.99,17.08972972972973,16.23,0.6526763466224795,16.7,-0.7899999999999991,100.0,0.1900000000000012,6148.849999999999,-11.128962418639068,12.82696397915962,-8.678010079793118,15.0481589767788,1.4199388145521452,1.443541815618013,130.9456426337403,0.1125150335643077,-11.300000000000011,16.981896520652192,-12.826963979159617,-10.57564857011319,0.68,0.6716216216216216,4.84054054054054,4.91,14.120540540540542,14.76,14.638,0.4515256177578408,-0.8961858937695727,-0.412533346057478,0.9865763618701529,-13.227703792038891,-6.088992187808376,0.89,0.89,0.0,0.0,1.84,44.33999999999999,0.17,-0.560136631871935,0.5502390741435854
77,16.04,15.513783783783785,15.18,0.2954918149627961,15.41,0.7300000000000004,13.513513513513514,0.1100000000000012,5583.949999999999,-1.3371779642745825,-14.950479626720396,4.884305567550945,-12.619836341570569,3.8713154636233766,0.6876287564449768,264.8890379948725,0.2569110283954441,-56.52000000000001,15.01015942543993,14.950479626720398,15.4964017100524,0.68,0.6716216216216216,7.258918918918918,7.37,11.30945945945946,11.75,11.682,0.2741172164539554,-0.889661172936907,-0.4466771310670616,0.9954985997226588,-10.453518782008658,-5.248456290037974,1.79,1.79,0.0,0.0,2.02,48.41,0.19,-0.5344331573961383,0.6081836589704744
78,29.47,28.99486486486487,27.51,0.5736776645639745,29.34,-1.5599999999999987,100.0,0.1799999999999997,10445.2,6.034852734219622,-27.95916567162373,12.514977738091932,-25.576383223705708,4.5393676001460594,1.5136194397264515,282.1801609214622,0.1649571585339437,6.310000000000002,28.603048658788467,27.95916567162373,29.4637503810359,0.68,0.6716216216216216,7.258918918918918,7.37,14.871891891891892,15.37,15.34,0.3368602070940522,-0.97436342767051,-0.2160875056911979,0.9980370230095018,-14.97596588329574,-3.321264962473712,0.91,0.9099999999999998,0.0,0.0,2.18,53.455,0.19,-0.5708107888846231,0.6315980867372836
79,22.35,20.919729729729728,18.43,1.408492555289282,21.46,-3.629999999999999,100.0,0.2600000000000015,7537.849999999999,12.517473316447797,-16.400339820597885,16.520007286590808,-14.005386632604097,2.833305772981328,2.4357826629161057,307.3524938723837,0.1665790039293647,18.25,20.631487693791527,16.400339820597882,20.99808147221223,0.61,0.5751351351351351,8.502972972972973,8.56,10.956486486486488,11.48,11.148,0.1547136188945208,-0.9380696187315316,-0.3297426280667667,0.9943363668052674,-10.769039223037984,-3.7854453702064816,0.74,0.7399999999999998,0.0,0.0,2.2,52.93,0.2,-0.5439591436049064,0.666277887612082
80,20.78,19.489459459459457,18.16,0.91059513045025,19.5,-2.620000000000001,100.0,0.1400000000000005,7016.4,-18.72557997220436,-0.2951404884398267,-16.502479553661683,7.579826421559937,1.0252556481489925,5.374254475377467,180.9029842759133,0.2823440528978687,-50.66999999999999,18.727905734580613,0.2951404884398296,9.109352430277031,0.68,0.6716216216216216,4.84054054054054,4.91,10.887297297297298,11.45,11.248,0.2554873313477243,-0.8040381915780485,-0.5878067722394178,0.9959890636983024,-9.206237293568654,-6.730387542141333,1.0,1.0,0.0,0.0,1.97,47.48,0.1999999999999999,-0.5878175274860981,0.5885256615868488
81,9.6,8.452702702702704,7.69,0.6446522156805827,8.07,1.33,0.0,0.1500000000000003,3038.15,1.8333422691533627,-8.023997733030281,3.830189115247491,-7.046285443533245,1.804282210806276,0.92878504923797,282.8701538363365,0.2306766739799515,-37.870000000000005,8.230776603428104,8.02399773303028,9.442286119808506,0.14,0.1308108108108108,1.4545945945945946,1.5,11.608108108108109,12.07,11.778,0.1389699138709009,-0.9971518893670528,-0.0598042972594896,0.9989436642969336,-12.035623304660328,-0.7218378679220404,1.61,1.61,0.0,0.0,2.0,51.1,0.19,-0.7036958170994713,0.5529761432896358
82,13.36,12.1327027027027,10.1,1.1014355464418553,12.5,-3.130000000000001,0.0,0.1799999999999997,4372.45,-10.456235869793714,-5.880730014344112,-8.885152691283258,-2.755118661158096,0.6965631990699716,2.0036418787967443,209.35399604525145,0.150267219067097,-31.97999999999999,11.996493407090608,5.880730014344114,9.80239570985491,0.14,0.1308108108108108,2.182702702702703,2.24,9.934324324324322,10.34,10.232,0.1713624346317529,-0.989798054502712,-0.0637716438474779,0.9918502967970334,-10.234511883558042,-0.6593987973829221,0.56,0.5599999999999998,0.0,0.0,1.84,46.4,0.18,-0.6160753571651981,0.5087577790274702
83,20.44,18.652702702702705,16.21,1.6242647378556685,19.16,-3.7799999999999976,100.0,0.2800000000000011,6720.500000000001,-5.68085259238392,-17.67943432867938,-4.12016495263539,-13.83310952222804,1.182167481511513,2.0807570115774463,252.1864652168514,0.0944328270333426,-13.819999999999991,18.56971955519205,17.679434328679385,19.71220108353556,0.14,0.1308108108108108,2.182702702702703,2.24,22.11405405405405,22.93,22.904,0.7774993159272544,-0.9268834107368662,-0.3749783282898374,0.9998607922037184,-21.253436608196346,-8.598253067685972,0.6,0.6000000000000002,0.0,0.0,2.14,52.02,0.21,-0.6114300242149528,0.6397212230677072
84,15.54,14.236486486486486,13.01,0.9120402320909536,14.31,2.380000000000001,0.0,0.1699999999999999,5124.799999999999,-13.38813740587018,-4.817378755983694,-12.224274186277546,-3.814989836673366,0.7532308668571237,0.7018880601742357,199.78996997565704,0.033563262256525,0.0999999999999943,14.228470096151003,4.817378755983696,6.133890140770993,0.14,0.1308108108108108,1.4545945945945946,1.5,10.220540540540542,10.85,10.538,0.2164448115907901,-0.9622650697335114,-0.2684020619918956,0.9989963620107638,-10.440576006608598,-2.912162372612068,1.27,1.2700000000000005,0.0,0.0,1.82,44.4,0.18,-0.5949700254754807,0.535771529864451
85,17.76,16.334324324324324,15.02,0.7938770431739399,16.2,-2.740000000000002,67.56756756756756,0.1300000000000025,5879.8,-0.5895927306050882,-16.276896531888543,0.9814158202431736,-15.009129356183031,1.2683665790792864,0.7393631145648462,267.92550059587376,0.0757146982345781,7.2099999999999795,16.287571344365237,16.276896531888543,17.522027585530385,0.24,0.2118918918918919,3.022162162162162,3.12,14.879729729729728,15.92,15.726,0.5509965737200899,-0.9979314498247208,-0.035136630263565,0.998549829170056,-15.887068681209556,-0.5593751537959559,1.97,1.97,0.0,0.0,2.18,56.65,0.1899999999999999,-0.613762133195583,0.5698751032541997
86,12.63,11.347567567567568,10.09,0.7755848896866799,11.4,-2.460000000000001,0.0,0.1799999999999997,4084.6,-1.67619255084423,-11.035278606511618,0.7820439557704862,-7.918075638420436,1.7924336502525016,1.2526004311932049,261.3631340094637,0.1816661482434491,-42.420000000000016,11.16185447812498,11.03527860651162,12.608744876579614,0.24,0.2118918918918919,4.532972972972973,4.68,6.867567567567567,8.07,7.98,0.7373231548132836,-0.9749329955294956,0.1072464705053973,0.980814024781447,-7.8677092739230305,0.8654790169785569,1.51,1.5099999999999998,0.0,0.0,1.92,46.11,0.17,-0.5342969504270397,0.5751237044180074
87,20.78,19.74324324324324,19.06,0.4147552456638706,19.82,1.7200000000000024,100.0,0.1300000000000025,7105.8,-11.350008367769757,-15.974419671041288,-8.820275880970003,-11.412061670187594,1.832905241318152,1.6134931908842258,234.60576948329475,0.1223423592910117,13.109999999999983,19.596039747229398,15.974419671041288,17.69285232887204,0.24,0.2118918918918919,4.532972972972973,4.68,17.197297297297297,17.89,17.79,0.3862547027520841,-0.9557983295959286,-0.2897145423275768,0.998741689774911,-17.099232116471164,-5.18299316224035,0.39,0.39,0.0,0.0,2.15,55.175,0.1799999999999999,-0.5690901811319747,0.5646053975393843
88,12.26,10.954864864864865,9.74,0.8311100412444877,10.85,-2.43,0.0,0.1300000000000007,3942.85,-9.02945610574217,-5.236404161202616,-6.133162371497329,-1.4478758715902946,1.3475821701281203,3.15163835137794,210.1105024973608,0.3109163538421871,-51.41,10.43795986316218,5.236404161202617,10.604609531093498,0.24,0.2118918918918919,4.532972972972973,4.68,15.41054054054054,16.17,16.064,0.5062685215614655,-0.9957130230455056,-0.0858498024391564,0.9994071306736116,-16.100679582645824,-1.388191305441159,1.7,1.7000000000000004,0.0,0.0,1.89,46.875,0.18,-0.6011437017311938,0.5421853353890014
89,1.95,1.6143243243243244,1.34,0.1889736223626667,1.88,-0.27,0.0,0.1300000000000001,580.0500000000001,-0.940334154432433,1.1843833563173742,-0.1128505294952242,1.6349046995979646,0.475328575108611,0.3589213605032519,128.44761002011154,0.3613799371136862,-65.39000000000001,1.5122804821572509,-1.184383356317374,-0.6094701476519516,0.06,0.0454054054054054,3.4654054054054053,3.54,9.277027027027026,9.99,9.882,0.3741936546247566,-0.97597080782642,-0.2126799655598996,0.9988752602201714,-9.749948370185937,-2.1246728559433974,0.68,0.68,0.0,0.0,1.95,47.76500000000001,0.17,-0.5676727143554742,0.5670337257739472
90,13.53,13.000270270270272,12.11,0.3368172693018085,13.24,-0.6699999999999999,0.0,0.1699999999999999,4685.65,-3.491291103218092,-12.47016122802042,-2.2086673204079856,-11.017877332925966,1.0855325335910275,0.4980536831053916,254.3592619791363,0.0883130685108915,-12.750000000000028,12.949673147235554,12.47016122802042,12.98110004481012,0.2,0.1762162162162162,3.4486486486486485,3.59,10.386216216216216,10.52,10.46,0.0838709224280157,-0.995341835998918,-0.0591143986710495,0.9970957239001362,-10.470996114708615,-0.6218834740194418,1.48,1.4799999999999995,0.0,0.0,2.34,55.11500000000001,0.23,-0.5586670511017675,0.7285064822413322
91,16.23,15.864864864864868,15.2,0.3186171270198561,16.13,-0.8000000000000007,51.35135135135136,0.1000000000000014,5714.000000000001,2.8944220300547907,-15.397638072669194,6.287939399486063,-13.88831857114926,2.3887022394152657,0.7903281346936162,280.64612755385554,0.1583025575164125,29.129999999999995,15.667320674096716,15.39763807266919,16.097398562663464,0.06,0.0454054054054054,5.197837837837838,5.32,15.29162162162162,16.04,15.962,0.5578070649379295,-0.8934993567321101,-0.4132904774097268,0.9844542240237758,-14.331729681983044,-6.629179257652018,0.91,0.9099999999999998,0.0,0.0,2.25,56.535,0.21,-0.578396176606727,0.6258293547766988
92,11.87,11.198378378378376,10.9,0.2787570240396183,10.95,-0.9699999999999988,0.0,0.1300000000000007,4029.55,3.019827317082777,-10.5677477911067,5.809058511141696,-9.505515586314628,2.0564051203101648,0.675226897795078,285.94775581760393,0.1934668025674278,31.25,10.99075294970458,10.5677477911067,11.842868070581904,0.06,0.0454054054054054,5.197837837837838,5.32,11.692162162162164,12.04,11.922,0.2524596316152841,-0.9810060814074206,-0.0644424718055555,0.9831204218867354,-11.811313220145344,-0.7758873605388892,1.94,1.94,0.0,0.0,2.05,50.41499999999999,0.18,-0.5868759493458192,0.5957105007723635
93,14.48,13.372432432432436,12.13,0.8248584003147201,13.29,2.299999999999999,0.0,0.1500000000000003,4814.999999999999,-0.0959545549404773,-13.318289689341352,2.1901619321718595,-11.952997808604737,1.200134778128537,0.8221736611184615,269.58720706427744,0.0897897343031888,18.53000000000003,13.318635347731012,13.318289689341352,14.448499360303751,0.06,0.0454054054054054,3.4654054054054053,3.54,11.28918918918919,11.7,11.674,0.4365242222831202,-0.968536952177453,-0.2370673788362772,0.9971282614796818,-11.3318823404762,-2.773688332384443,1.37,1.3699999999999997,0.0,0.0,1.84,43.125,0.18,-0.536140039824556,0.574588238250164
94,9.3,8.212972972972974,6.88,0.8143571992180019,8.22,2.28,0.0,0.1300000000000007,2958.6,6.869255321339712,-3.0112193396340845,7.725788606890174,2.557240379420016,0.647327640773829,3.382744307075634,336.3291891791092,0.426087822601172,-74.83999999999997,7.500274033736386,3.0112193396340827,7.31742509565551,-0.17,-0.1713513513513513,2.238108108108108,2.3,11.609459459459456,11.97,11.91,0.2657060552865217,-0.8901295334333925,-0.4496650779569512,0.9972608829310312,-10.654850515197708,-5.382490983144706,0.6,0.6000000000000002,0.0,0.0,1.96,48.080000000000005,0.17,-0.5332264981296817,0.5649615848915871
95,9.55,7.575675675675676,6.67,0.8651434517529621,7.17,2.880000000000001,0.0,0.1600000000000001,2721.9,4.402681531205519,-5.937406787396398,7.051124475474946,-5.020777190168348,1.8100976052316424,0.4758968064936178,306.55752258359155,0.221776216272421,38.78999999999997,7.3916442030335165,5.937406787396397,6.591483304248507,-0.05,-0.0586486486486486,1.478918918918919,1.5,21.05864864864865,21.35,21.288,0.1933651099382126,-0.9788476553118762,-0.203884425844585,0.999855785306828,-20.89839744090856,-4.35293249178189,0.362,0.362,0.0,0.0,2.13,54.74999999999999,0.19,-0.6148278321004278,0.5685485730457379
96,11.45,10.608648648648648,10.06,0.409483274661986,10.49,1.3899999999999988,0.0,0.0600000000000005,3817.65,-8.809099818134754,-5.866901676899644,-8.330256486028071,-5.135728427520707,0.2658931762051281,0.7871649314347186,213.6638008062192,0.0682261913392157,9.539999999999992,10.58398672014802,5.866901676899645,7.855528427609897,0.07,0.0643243243243243,4.014864864864865,4.17,18.070270270270264,19.54,19.54,1.672760279890997,-0.8798575482554993,-0.4751741056649605,0.999969867504353,-17.192416492912457,-9.284902024693327,0.451,0.451,0.0,0.0,2.06,49.7,0.19,-0.5304095543974303,0.6114256651848609
97,12.59,12.014864864864863,10.38,0.6991872564458916,12.46,-2.209999999999999,0.0,0.1300000000000007,4330.65,-5.427208903630739,-10.712446621191148,-5.322569830664695,-8.841874721735651,0.0539119011710825,0.7948741736490706,243.13202006391884,0.0317959504502382,-5.490000000000009,12.008792990784643,10.712446621191148,11.30616717882615,0.34,0.3002702702702702,4.541621621621621,4.85,18.65405405405405,19.12,19.022,0.2685341536429844,-0.8771498336307265,-0.4801932402647259,0.9999886892532076,-16.77110481901949,-9.18129475386156,0.451,0.451,0.0,0.0,1.9,44.605,0.18,-0.5861322636948777,0.6008501403523442
98,13.6,12.899729729729728,10.79,0.6491553201327736,13.33,2.030000000000001,0.0,0.3800000000000008,4654.85,-9.021547983663575,-9.104007518241955,-7.129850344295403,-5.252494525673479,0.9574208521413136,1.279255302066124,225.2606568784932,0.113549578572261,27.080000000000013,12.816835838605034,9.104007518241955,10.654465452004183,-0.03,-0.0394594594594594,2.2067567567567568,2.25,11.18432432432433,11.91,11.766,0.4220704471783118,-0.7949061351870789,-0.6053683915874332,0.999172984668428,-9.46733207007811,-7.209937543806329,0.499,0.4989999999999998,0.0,0.0,2.23,55.305,0.19,-0.5480672732465267,0.6335705859358046
99,14.58,13.584864864864866,12.76,0.4969127479103273,13.57,0.8399999999999999,0.0,0.2200000000000006,4894.2,-12.79879315373153,-4.362904275296681,-11.895024875974126,-1.513352465014181,0.610735181103078,1.2563591472311948,198.8234239707192,0.0963277860558423,22.51000000000002,13.521983578876553,4.362904275296684,6.751454894072386,-0.27,-0.2789189189189189,1.5367567567567568,1.58,10.357837837837836,13.56,13.244,1.7239475992775373,-0.4547976889309245,-0.7899502190720791,0.9115164762465544,-6.167056661903336,-10.711724970617391,0.508,0.5079999999999999,0.0,0.0,1.98,49.245,0.18,-0.6624062528770759,0.5690431269689679
100,23.37,19.42648648648649,15.58,3.053762602692155,19.38,-7.610000000000001,86.48648648648648,0.5999999999999979,6993.950000000001,-8.016712429194792,-15.596186104629949,0.5192753994009895,-8.638319467825694,8.493226402808258,2.658994044977407,242.7960433985168,0.452516804751063,70.04000000000002,17.535925957378428,15.596186104629952,19.180891197245824,0.07,0.0489189189189189,3.871351351351352,3.96,10.63081081081081,12.2,12.02,1.100578173306559,-0.9361193368875969,-0.331387079756324,0.993044213277686,-11.42065591002868,-4.042922373027152,0.515,0.5150000000000001,0.0,0.0,2.36,57.26499999999999,0.21,-0.6078085923360045,0.708976669706739
101,17.71,13.717567567567569,10.58,2.2605170484903905,13.36,-7.130000000000001,21.62162162162162,0.2699999999999996,4934.05,6.608295465369539,-12.014232368169967,8.450481644197664,-9.139379645062508,0.8025230950064876,2.15086160067821,298.81250602236844,0.0291942901805888,1.75,13.711723026447354,12.014232368169964,15.563851065243403,0.58,0.5624324324324323,4.98,5.09,13.214864864864866,13.33,13.33,0.1018908165403144,-0.9308192441997116,-0.3646342877773378,0.9996912669396532,-12.407820525182158,-4.860575056071913,0.518,0.5180000000000001,0.0,0.0,2.41,60.155,0.22,-0.5505087050635508,0.6701853695139813
102,15.85,13.522972972972974,11.14,1.3855662611850812,13.52,4.709999999999999,0.0,0.1799999999999997,4868.55,9.277686850042569,9.806744596954704,11.914836787821764,10.452710859847276,1.5231196529331026,0.4722134447341996,46.587944314098365,0.0584214031350064,-11.420000000000016,13.499915291488056,-9.806744596954706,-8.85921759429455,-0.04,-0.0532432432432432,1.2005405405405405,1.27,10.576216216216215,10.91,10.838,0.1925834512178559,-0.9201866088682732,0.391446695850759,0.9999869553314028,-10.03923590275286,4.270683451731781,0.374,0.374,0.0,0.0,2.36,57.765,0.2099999999999999,-0.569353932476685,0.6856232069326323
103,4.44,2.212702702702703,0.3,1.292988678382424,2.18,3.9700000000000006,0.0,0.1300000000000007,794.1500000000001,-1.104486932959314,1.3802072577028812,0.8076017839668473,4.365933961769643,0.7912898724699691,1.6783533154273131,128.6679358431037,0.6701035981701058,-148.44,1.7677283330007412,-1.380207257702881,0.3490584264697782,0.06,0.0521621621621621,0.5854054054054054,0.61,12.062432432432432,12.29,12.244,0.1354153850775638,-0.9866118317008858,0.1445018138361245,0.9971377440725564,-12.125459411603886,1.7759272920459708,0.374,0.374,0.0,0.0,2.1,49.93999999999999,0.19,-0.5466170524385808,0.6429372426821746
104,11.8,10.52,8.71,0.725407620732107,10.42,-3.0200000000000014,0.0,0.33,3789.5,-8.458555974859724,-6.137974828190428,-7.1677908817495375,-4.650621231335606,0.5801403136346757,1.2799020514780128,215.9666205746332,0.1147814609322989,-10.72,10.450928388011013,6.137974828190429,8.381637214950915,0.08,0.0672972972972973,2.378108108108108,2.39,11.98648648648649,12.52,12.412,0.3152452174334803,-0.9789058831185908,-0.2042390513221955,0.9999851589344608,-12.255901656644756,-2.557072922553888,0.495,0.4950000000000001,0.0,0.0,2.28,55.44500000000001,0.2,-0.5425167172453191,0.6723907173990521
105,14.29,12.942432432432431,11.93,0.717320107989812,13.14,-0.0399999999999991,0.0,0.5999999999999996,4660.499999999999,-6.214182798163522,-11.32032374313764,-5.578955868828508,-9.848095597287122,0.5464259263027654,0.9781240279394108,241.2358388976168,0.0665738720352876,6.650000000000006,12.913783237240636,11.32032374313764,13.15596258027758,-0.13,-0.1348648648648648,0.8489189189189189,0.9,13.462162162162162,13.72,13.664,0.149957383768444,-0.9637822720169908,-0.2664434632035929,0.9999341913036864,-13.223092772073114,-3.655604315153295,0.495,0.4950000000000001,0.0,0.0,2.03,48.260000000000005,0.19,-0.5283426764440681,0.6244790962948854
106,8.33,3.88,0.51,1.5826611185646209,3.9,2.7300000000000004,0.0,1.1100000000000003,1365.95,-2.578177205175392,0.0996096330129524,0.297757785375608,2.6441896310357187,1.613779717188344,2.88062692140665,177.78743898935468,0.9033346141692374,96.86,2.5801007306450208,-0.0996096330129518,8.138479794885244,-0.21,-0.2178378378378378,1.921621621621621,1.93,15.732702702702705,16.0,15.948,0.1597235559240393,-0.9471950027630004,-0.3206576204138683,0.9999998413943296,-15.155120044208005,-5.130521926621894,0.499,0.4989999999999998,0.0,0.0,1.99,47.78,0.18,-0.593864575994456,0.6034387700172825
107,9.66,7.508378378378377,5.76,1.337455255151553,7.3,-2.3000000000000007,0.0,0.3199999999999994,2696.5,-6.743156335180484,-2.954354377306272,-5.686708341758076,0.4975359822399519,0.8186581013088597,1.8154790547402009,203.6594918470329,0.1984647241622593,-36.94999999999999,7.361954030513464,2.9543543773062724,5.078924754788054,-0.02,-0.0345945945945945,0.782972972972973,0.85,15.732432432432436,16.0,15.948,0.1601756705452604,-0.9471950027630004,-0.3206576204138683,0.9999998413943296,-15.155120044208005,-5.130521926621893,0.499,0.4989999999999998,0.0,0.0,1.98,49.040000000000006,0.17,-0.5452180375594154,0.5626153318985921
108,22.69,17.22108108108108,10.54,3.0727431039081425,18.09,2.140000000000001,67.56756756756756,2.130000000000001,6255.699999999999,9.340148794892448,-14.121853728161948,14.368347256135015,-4.177495772824504,3.3248017876658555,2.878879057234845,303.48052243383125,0.1842655889711279,-43.78999999999997,16.93118815176101,14.121853728161948,17.560942375827025,-0.12,-0.1199999999999999,1.3275675675675678,1.33,9.818378378378378,10.6,10.534,0.4828883454040902,-0.4938354570877719,-0.7650433640287291,0.9105848711248627,-5.234655845130382,-8.109459658704528,0.521,0.5210000000000001,0.0,0.0,2.35,57.76999999999999,0.21,-0.6016374899618564,0.6825157562190172
109,17.5,16.442972972972974,14.7,0.747192456357201,16.55,-2.8000000000000007,78.37837837837837,0.1700000000000017,5922.900000000001,-11.957154648913471,-11.003004239602364,-7.652270841659472,-8.293854266933202,2.239884003027581,1.3685491642601373,222.62034078603224,0.1539387617650361,30.340000000000003,16.249296895396448,11.00300423960237,12.565064302080858,-0.08,-0.08,0.7878378378378379,0.83,10.2272972972973,11.26,11.142,0.728369703603761,-0.8721473944430708,-0.4869503211513691,0.9988802194974424,-9.820379661428976,-5.483060616164416,0.298,0.298,0.0,0.0,1.69,41.42,0.1699999999999999,-0.608865235971967,0.5055069994725147
110,15.43,14.537297297297297,13.4,0.5572356900962282,14.57,-2.03,0.0,0.1000000000000014,5234.65,-10.316942511155718,-10.195148935160947,-9.674791855766362,-8.392845221203324,0.3132252757204257,1.07937466264905,224.6598018350004,0.067216042080384,-12.389999999999986,14.504494634030014,10.195148935160947,12.020120737646396,-0.05,-0.0583783783783783,1.5575675675675675,1.64,15.09378378378378,15.93,15.93,0.659190131089827,-0.9248194604982408,-0.380382060214969,0.9999907730822528,-14.732374005736975,-6.059486219224456,0.307,0.307,0.0,0.0,2.44,60.13999999999999,0.21,-0.5807718144390018,0.7007463411419377
111,15.33,11.066486486486488,7.95,2.40011285344603,10.9,-7.109999999999999,0.0,0.25,3976.85,-5.57006895792384,-9.02591206130071,0.0702975146937178,-7.850378185678095,3.910455005817306,0.6657700638980646,238.32044340447223,0.2914683114374202,56.890000000000015,10.606260261485216,9.02591206130071,9.827046348704515,0.13,0.1216216216216216,2.295945945945946,2.32,10.579189189189188,11.26,11.116,0.3771685290988444,-0.9956182417431988,-0.0887107981305423,0.9995625488166194,-11.21066140202842,-0.9988835869499072,0.332,0.3320000000000001,0.0,0.0,2.19,54.135,0.19,-0.5462784990161234,0.6251311038535143
112,11.54,10.117567567567567,9.08,0.7508640262891572,9.95,-2.459999999999999,0.0,0.0900000000000016,3640.4,1.755630045118318,-9.94352305114747,2.7546320297437945,-9.076235143199156,0.7419475318614891,0.6500743082230616,280.0129569488613,0.0632953993568024,-12.160000000000023,10.097320809205936,9.943523051147467,11.20640898685701,0.1,0.0891891891891892,5.205675675675676,5.45,12.397027027027027,12.61,12.568,0.1343224209990771,-0.977450180381032,-0.2109414281818777,0.9999525695003352,-12.325646774604811,-2.6599714093734788,0.332,0.3320000000000001,0.0,0.0,2.04,51.975,0.18,-0.5796242189768123,0.5493881316620364
113,12.55,11.28972972972973,9.66,0.8940690053980398,11.39,2.369999999999999,0.0,0.1000000000000014,4068.75,-11.225726049998952,1.1096180268904758,-9.656600902902044,2.075668023979135,0.8539052499548537,0.529173946477788,174.3548794535795,0.0405899579566193,-0.8400000000000034,11.280433392171837,-1.109618026890474,-0.2562401258027768,0.73,0.7154054054054054,7.451621621621621,7.54,18.11216216216216,18.65,18.542,0.3143000385682027,-0.9834902284714624,-0.1809166812413354,0.9999919374926122,-18.342092760992774,-3.374096105150905,0.357,0.3569999999999999,0.0,0.0,1.67,40.50000000000001,0.1699999999999999,-1.068144052155463,0.5632842232329698
114,11.76,10.885675675675676,9.77,0.6313415169541354,10.92,1.83,0.0,0.0700000000000002,3920.85,-5.173868707488861,-9.313578757674811,-2.807146678491081,-6.199999364545284,1.618075725382978,1.6633373969851748,240.94700230212896,0.2073400873032425,36.35000000000002,10.654185406578202,9.313578757674817,11.420049366155844,-0.06,-0.0599999999999999,0.9032432432432432,0.92,15.920000000000002,16.82,16.64,0.5338539126015657,-0.9834650270175912,-0.180878372951884,0.9999602217930632,-16.541881754435884,-3.042374233050689,0.357,0.3569999999999999,0.0,0.0,1.57,39.005,0.16,-0.6579805602355631,0.4547636026097327
115,4.14,3.457297297297297,2.77,0.4076276032921082,3.46,1.3699999999999997,0.0,0.04,1244.65,0.4382656710824014,-3.427969734412986,0.493855072071986,-2.725620510597316,0.0472787833483112,0.4168648258239407,277.28573605524224,0.0287143926781412,-5.579999999999984,3.4558722919837104,3.427969734412986,4.126137924588452,0.23,0.1948648648648648,4.32,4.47,9.079999999999998,9.08,9.08,1.7763568394002505e-15,-0.928630901590269,-0.3709533904189406,0.999980884443129,-8.431968586439643,-3.3682567850039806,0.357,0.3569999999999999,0.0,0.0,2.33,57.42000000000001,0.21,-0.5488125416407267,0.6703280271541036
116,23.37,19.42648648648649,15.58,3.053762602692155,19.38,-7.610000000000001,86.48648648648648,0.5999999999999979,6993.950000000001,-8.016712429194792,-15.596186104629949,0.5192753994009895,-8.638319467825694,8.493226402808258,2.658994044977407,242.7960433985168,0.452516804751063,70.04000000000002,17.535925957378428,15.596186104629952,19.180891197245824,0.15,0.1459459459459459,2.0264864864864864,2.15,10.63081081081081,12.2,12.02,1.100578173306559,-0.9361193368875969,-0.331387079756324,0.993044213277686,-11.42065591002868,-4.042922373027152,0.515,0.5150000000000001,0.0,0.0,2.36,57.26499999999999,0.21,-0.6078085923360045,0.708976669706739
117,23.37,19.42648648648649,15.58,3.053762602692155,19.38,-7.610000000000001,86.48648648648648,0.5999999999999979,6993.950000000001,-8.016712429194792,-15.596186104629949,0.5192753994009895,-8.638319467825694,8.493226402808258,2.658994044977407,242.7960433985168,0.452516804751063,70.04000000000002,17.535925957378428,15.596186104629952,19.180891197245824,0.1,0.0872972972972973,3.7959459459459457,3.91,10.63081081081081,12.2,12.02,1.100578173306559,-0.9361193368875969,-0.331387079756324,0.993044213277686,-11.42065591002868,-4.042922373027152,0.515,0.5150000000000001,0.0,0.0,2.36,57.26499999999999,0.21,-0.6078085923360045,0.708976669706739
118,23.37,19.42648648648649,15.58,3.053762602692155,19.38,-7.610000000000001,86.48648648648648,0.5999999999999979,6993.950000000001,-8.016712429194792,-15.596186104629949,0.5192753994009895,-8.638319467825694,8.493226402808258,2.658994044977407,242.7960433985168,0.452516804751063,70.04000000000002,17.535925957378428,15.596186104629952,19.180891197245824,-0.05,-0.0608108108108108,0.4708108108108108,0.51,10.63081081081081,12.2,12.02,1.100578173306559,-0.9361193368875969,-0.331387079756324,0.993044213277686,-11.42065591002868,-4.042922373027152,1.515,1.515,0.0,0.0,2.36,57.26499999999999,0.21,-0.6078085923360045,0.708976669706739
119,12.05,10.075675675675676,9.17,0.8651434517529621,9.67,2.880000000000001,0.0,0.1600000000000001,3621.9,5.815743805309285,-7.922855201251233,8.896968579002419,-6.752079669536743,2.2752981905478946,0.7044296335447339,306.28039891928216,0.2229942316421777,38.78999999999997,9.828250635234484,7.922855201251233,9.062054257864888,-0.1,-0.1072972972972973,1.004054054054054,1.08,21.05864864864865,21.35,21.288,0.1933651099382126,-0.9788476553118762,-0.203884425844585,0.999855785306828,-20.89839744090856,-4.35293249178189,0.462,0.462,0.0,0.0,2.13,54.74999999999999,0.19,-0.6148278321004278,0.5685485730457379
120,13.95,13.108648648648648,12.56,0.409483274661986,12.99,1.3899999999999988,0.0,0.0600000000000005,4717.65,-10.887980765649374,-7.245453840680143,-10.149089779920663,-6.350422946801857,0.334953631415392,0.9205571683335116,213.64195131170175,0.0679657874911546,9.539999999999992,13.078406879684442,7.245453840680144,9.570709307000705,-0.08,-0.087027027027027,1.48027027027027,1.52,18.070270270270264,19.54,19.54,1.672760279890997,-0.8798575482554993,-0.4751741056649605,0.999969867504353,-17.192416492912457,-9.284902024693327,0.551,0.5509999999999998,0.0,0.0,2.06,49.7,0.19,-0.5304095543974303,0.6114256651848609
121,16.1,15.399729729729728,13.29,0.6491553201327737,15.83,2.030000000000001,21.62162162162162,0.3800000000000008,5554.85,-10.773753511947987,-10.863315963429176,-8.520226776490295,-6.469476575180772,1.1367462485820912,1.481717883811268,225.2371634093569,0.1140785652239343,27.080000000000013,15.299849622055335,10.863315963429176,12.732169323299852,0.07,0.061081081081081,3.302162162162162,3.34,11.18432432432433,11.91,11.766,0.4220704471783118,-0.7949061351870789,-0.6053683915874332,0.999172984668428,-9.46733207007811,-7.209937543806329,0.599,0.599,0.0,0.0,2.23,55.305,0.19,-0.5480672732465267,0.6335705859358046
122,17.08,16.08486486486487,15.26,0.4969127479103273,16.07,0.8399999999999999,54.054054054054056,0.2200000000000006,5794.2,-15.15430030982708,-5.165026175674228,-14.075198057054427,-1.808929118337263,0.662058502182204,1.4836324557865368,198.82060274647105,0.0963878606160917,22.51000000000002,16.010318962338793,5.165026175674231,7.9596608522098915,0.37,0.3689189189189189,2.592972972972973,2.73,10.357837837837836,13.56,13.244,1.7239475992775373,-0.4547976889309245,-0.7899502190720791,0.9115164762465544,-6.167056661903336,-10.711724970617391,0.608,0.6080000000000001,0.0,0.0,1.98,49.245,0.18,-0.6624062528770759,0.5690431269689679
123,25.87,21.92648648648649,18.08,3.053762602692155,21.88,-7.610000000000003,100.0,0.5999999999999979,7893.950000000001,-8.907000645537012,-17.677818209923824,0.6025994365320855,-9.569574261683574,9.409553065377706,3.1171572983738653,243.25866716218087,0.4522579877913718,70.04000000000002,19.79494675826917,17.677818209923828,21.597838172705227,0.31,0.3018918918918919,0.4799999999999999,0.48,10.63081081081081,12.2,12.02,1.100578173306559,-0.9361193368875969,-0.331387079756324,0.993044213277686,-11.42065591002868,-4.042922373027152,0.615,0.6149999999999998,0.0,0.0,2.36,57.26499999999999,0.21,-0.6078085923360045,0.708976669706739
124,10.83,6.38,3.01,1.5826611185646209,6.4,2.7300000000000004,0.0,1.1100000000000012,2265.9500000000003,-4.164485850498304,0.1143092317182398,0.8810435557119726,4.429545760182172,2.5056882943272503,4.424334231094099,178.42770688161943,0.923253707415288,96.86,4.166054368279007,-0.1143092317182388,10.581000741729556,0.17,0.1594594594594594,3.79054054054054,3.95,15.732702702702705,16.0,15.948,0.1597235559240393,-0.9471950027630004,-0.3206576204138683,0.9999998413943296,-15.155120044208005,-5.130521926621894,0.599,0.599,0.0,0.0,1.99,47.78,0.18,-0.593864575994456,0.6034387700172825
125,25.19,19.72108108108108,13.04,3.0727431039081425,20.59,2.140000000000001,86.48648648648648,2.130000000000001,7155.699999999999,10.679977233412744,-16.17285233013592,15.95146176209965,-5.168362891615894,3.6413267186559546,3.0790360047576537,303.4393554269784,0.1865212626016273,-43.78999999999997,19.380997554269424,16.17285233013592,19.4958192352174,-0.02,-0.0243243243243243,0.6054054054054053,0.71,9.818378378378378,10.6,10.534,0.4828883454040902,-0.4938354570877719,-0.7650433640287291,0.9105848711248627,-5.234655845130382,-8.109459658704528,0.621,0.6209999999999998,0.0,0.0,2.35,57.76999999999999,0.21,-0.6016374899618564,0.6825157562190172
126,14.55,12.575675675675676,11.67,0.8651434517529621,12.17,2.880000000000001,0.0,0.1600000000000001,4521.9,7.228806079413051,-9.908303615106066,10.742812682529893,-8.48338214890514,2.744562499312811,0.9661007796160184,306.1133874907992,0.223674426783282,38.78999999999997,12.264995632403748,9.908303615106066,11.532625211481273,0.03,0.0251351351351351,2.058108108108108,2.06,21.05864864864865,21.35,21.288,0.1933651099382126,-0.9788476553118762,-0.203884425844585,0.999855785306828,-20.89839744090856,-4.35293249178189,0.562,0.5620000000000002,0.0,0.0,2.13,54.74999999999999,0.19,-0.6148278321004278,0.5685485730457379
127,16.45,15.608648648648652,15.06,0.409483274661986,15.49,1.3899999999999988,21.62162162162162,0.0600000000000022,5617.65,-12.966861713163992,-8.624006004460643,-11.967923073813257,-7.565117466083008,0.4155319217933291,1.054485731467454,213.6271014236872,0.0677870073366246,9.539999999999992,15.572828331850689,8.624006004460645,11.285890186391512,0.13,0.1237837837837837,3.458918918918919,3.6,18.070270270270264,19.54,19.54,1.672760279890997,-0.8798575482554993,-0.4751741056649605,0.999969867504353,-17.192416492912457,-9.284902024693327,0.651,0.651,0.0,0.0,2.06,49.7,0.19,-0.5304095543974303,0.6114256651848609
128,18.6,17.899729729729728,15.79,0.6491553201327736,18.33,2.030000000000001,97.29729729729728,0.3800000000000025,6454.85,-12.525959040232404,-12.622624408616392,-9.910603208685188,-7.686458624688065,1.3227214087974164,1.6857752706567526,225.22023070876284,0.1144573809578841,27.080000000000013,17.782865259529416,12.622624408616394,14.809873194595522,0.03,0.0175675675675675,1.724054054054054,1.83,11.18432432432433,11.91,11.766,0.4220704471783118,-0.7949061351870789,-0.6053683915874332,0.999172984668428,-9.46733207007811,-7.209937543806329,0.699,0.6990000000000002,0.0,0.0,2.23,55.305,0.19,-0.5480672732465267,0.6335705859358046
129,19.58,18.58486486486487,17.76,0.4969127479103271,18.57,0.8399999999999999,100.0,0.2200000000000024,6694.2,-17.509807465922627,-5.967148076051776,-16.255371238134728,-2.104505771660345,0.7178890669770437,1.7112994935518853,198.8185405127985,0.0964317335866643,22.51000000000002,18.498654374175658,5.96714807605178,9.167866810347398,-0.05,-0.0554054054054054,1.856216216216216,2.01,10.357837837837836,13.56,13.244,1.7239475992775373,-0.4547976889309245,-0.7899502190720791,0.9115164762465544,-6.167056661903336,-10.711724970617391,0.708,0.7079999999999997,0.0,0.0,1.98,49.245,0.18,-0.6624062528770759,0.5690431269689679
130,22.5,18.522702702702706,15.5,2.2183261874161966,18.15,-7.0,86.48648648648648,0.2699999999999996,6663.400000000001,8.955301931189545,-16.204714617540645,10.583908329541687,-13.348381785389083,0.6714911895116763,2.1841194001684165,298.92660163539887,0.0295919351745581,2.490000000000009,18.51459447340672,16.204714617540645,19.85524828532391,0.03,0.0299999999999999,0.3775675675675676,0.41,13.205675675675677,13.33,13.33,0.1063279104631629,-0.9316449648170824,-0.3624257976661398,0.9996573409338624,-12.418827381011706,-4.831135882889645,0.718,0.718,0.0,0.0,2.41,60.005,0.22,-0.5945809536354988,0.679361729409608
131,13.33,8.879999999999999,5.51,1.5826611185646209,8.9,2.7300000000000004,0.0,1.1100000000000012,3165.9500000000003,-5.750794495821216,0.1290088304235266,1.612807306303312,6.4053132371875785,3.43781313452593,6.037580347854791,178.7148867981053,0.9318926732166596,96.86,5.752241355462655,-0.1290088304235254,13.023521688573869,-0.1,-0.1075675675675675,0.387027027027027,0.4,15.732702702702705,16.0,15.948,0.1597235559240393,-0.9471950027630004,-0.3206576204138683,0.9999998413943296,-15.155120044208005,-5.130521926621894,0.699,0.6990000000000002,0.0,0.0,1.99,47.78,0.18,-0.593864575994456,0.6034387700172825
132,27.69,22.22108108108108,15.54,3.0727431039081425,23.09,2.140000000000001,97.29729729729728,2.1300000000000026,8055.699999999999,12.019805671933035,-18.2238509321099,17.534576268064285,-6.159230010407285,3.969629888415007,3.29784201513662,303.4074277905698,0.1882495456484509,-43.78999999999997,21.830814716514737,18.2238509321099,21.43069609460777,-0.09,-0.0956756756756756,3.0764864864864863,3.17,9.818378378378378,10.6,10.534,0.4828883454040902,-0.4938354570877719,-0.7650433640287291,0.9105848711248627,-5.234655845130382,-8.109459658704528,0.721,0.721,0.0,0.0,2.35,57.76999999999999,0.21,-0.6016374899618564,0.6825157562190172
133,8.85,8.524864864864863,8.06,0.2471964053532663,8.57,0.6500000000000004,0.0,0.0400000000000009,3070.3499999999995,4.843023243385658,7.015292042462342,5.055447228993102,7.346470113445275,0.1136866927033392,0.2287045822016086,55.38065058254313,0.0075335274267605,-0.2099999999999795,8.524622958055634,-7.015292042462344,-6.580506752516659,0.06,0.0545945945945945,1.920540540540541,2.02,12.763783783783785,12.83,12.814,0.0418718347800183,-0.9937007700843172,-0.1120452412908202,0.9999976782783464,-12.749180880181788,-1.437540445761224,0.7,0.6999999999999998,0.0,0.0,2.5,61.9,0.21,-0.5425493793789867,0.7105648531405326
134,8.34,8.12945945945946,7.85,0.1420686158154144,8.14,-0.4900000000000002,0.0,0.0299999999999993,2926.95,6.039356104614447,5.42833277883832,6.267639298336039,6.032562125069745,0.1515127454669563,0.3804202497256206,41.95004073523624,0.0472677981948186,-9.310000000000002,8.12038292915761,-5.428332778838321,-4.726436038491763,0.05,0.0402702702702702,2.451621621621622,2.53,12.571891891891893,12.75,12.724,0.1179747530901888,-0.99841711552181,-0.0538500567035121,0.99986827391105,-12.729818222903075,-0.6865882229697795,0.7,0.6999999999999998,0.0,0.0,2.27,54.08,0.21,-0.5526432543981156,0.7005956976951302
135,7.27,7.062972972972974,6.68,0.1683764261740979,7.12,-0.5899999999999999,0.0,0.04,2543.55,6.444589287704458,2.8833390404568124,6.525412001951741,3.311811475587658,0.0935725827197358,0.242501340580902,24.1039627925472,0.0280419311921929,-5.060000000000002,7.060196534758608,-2.8833390404568138,-2.506695374082344,0.5,0.4951351351351351,7.898108108108109,8.19,11.61216216216216,11.84,11.804,0.1519092035917034,-0.999716634970898,-0.0232199379455117,0.9999862577834404,-11.836644958055432,-0.2749240652748585,0.7,0.6999999999999998,0.0,0.0,2.56,63.44500000000001,0.22,-0.5643117054839677,0.7248584154337506
136,6.25,5.7532432432432445,5.27,0.2898187136447034,5.74,-0.9800000000000004,0.0,0.04,2071.1000000000004,5.570821125146815,1.4309486158803577,5.970489763264648,1.848175312775292,0.258638800572865,0.1877411086283242,14.405836068950302,0.0234172370418181,-2.2700000000000102,5.751666015136131,-1.4309486158803586,-1.213472253921253,-0.01,-0.0186486486486486,0.5656756756756757,0.62,11.860810810810811,12.01,11.99,0.1091336492409188,-0.9997947204749028,0.0202349933415845,0.9999994690223704,-12.007534592903582,0.24302227003243,0.7,0.6999999999999998,0.0,0.0,2.25,53.84,0.21,-0.549547546534164,0.6850848640867279
137,4.33,3.923243243243244,3.73,0.1910717150500933,3.82,-0.6000000000000001,0.0,0.04,1411.3,3.340865350345612,1.9858296412099967,3.9975002400992072,2.7797574737404838,0.4343591076817742,0.3671204958480324,30.72749405195875,0.1371790861420768,25.579999999999984,3.886502367559826,-1.9858296412099972,-1.6639987471169522,-0.11,-0.1175675675675675,1.3324324324324326,1.35,15.954594594594592,16.75,16.714,0.8852258670229068,-0.9924688370261372,-0.1188794667115341,0.999563264667941,-16.6238530201878,-1.9912310674181972,0.7,0.6999999999999998,0.0,0.0,2.44,61.07,0.2099999999999999,-0.5597555586752276,0.6840742893202351
138,28.04,23.06324324324324,18.61,3.6615253460479615,22.55,-9.25,100.0,0.7199999999999989,8301.05,8.115044955383054,-18.30456408016683,15.958797369802287,-10.378305938563322,9.830218203490816,6.912000147257875,293.9093623914058,0.5317337565564509,80.82,20.022762566459747,18.30456408016683,27.360193530747683,-0.21,-0.2154054054054054,1.4064864864864866,1.54,12.866216216216216,14.66,14.484,1.306328362659399,-0.8472437305745384,0.5135464611962953,0.9907330148960916,-12.420593090222733,7.52859112113769,0.91,0.9099999999999998,0.0,0.0,2.36,57.55,0.2,-0.5349051856466358,0.6926267212707444
139,14.46,14.142972972972972,13.57,0.2728217402851954,14.35,0.7300000000000004,0.0,0.08,5093.55,-6.122375623764953,-12.49504843199418,-2.2888082005240795,-11.600559535655988,2.4291937550277667,0.7664302449661025,243.895878532889,0.1805309091651804,-20.150000000000038,13.914370937859587,12.49504843199418,13.621919900646178,0.28,0.2191891891891891,2.2816216216216216,3.23,10.501081081081082,10.62,10.604,0.0682516719440304,-0.6210959262938992,-0.7697553533103875,0.9890821268271286,-6.5960387372412095,-8.174801852156314,0.85,0.8500000000000002,0.0,0.0,2.62,65.235,0.2499999999999999,-0.6120779932476204,0.7468687007093968
140,21.7,21.213243243243245,20.35,0.4086170086421307,21.53,1.09,100.0,0.120000000000001,7639.95,-9.182986152265906,-18.74152686922082,-3.4332123007861197,-17.3967916553557,3.643399749956201,1.14988301854689,243.8960384518429,0.1805299945925908,-20.150000000000038,20.870363294931725,18.741526869220824,20.4230799085947,-0.05,-0.0508108108108108,1.5216216216216216,1.64,15.75081081081081,15.94,15.904,0.1037767452568221,-0.6210959262938992,-0.7697553533103875,0.9890821268271286,-9.900269065124752,-12.269900331767577,0.85,0.8500000000000002,0.0,0.0,2.62,65.235,0.2499999999999999,-0.6120779932476204,0.7468687007093968
141,21.7,21.213243243243245,20.35,0.4086170086421307,21.53,1.09,100.0,0.120000000000001,7639.95,1.4180641441474198,-20.822131450586824,7.142748659777668,-19.126386516552643,3.7202660579825255,0.8696051702620994,273.89603845184297,0.1805299945925902,-20.150000000000038,20.870363294931728,20.822131450586824,21.607098546215035,0.24,0.2272972972972973,3.4200000000000004,3.87,15.75081081081081,15.94,15.904,0.1037767452568221,-0.9227625270127378,-0.356079727518912,0.9890821268271288,-14.70883468058304,-5.675910856651457,0.85,0.8500000000000002,0.0,0.0,2.62,65.235,0.2499999999999999,-0.6120779932476204,0.7468687007093968
142,14.46,14.142972972972972,13.57,0.2728217402851954,14.35,0.7300000000000004,0.0,0.08,5093.55,0.945391394306042,-13.882217175506351,4.76299216523898,-12.754057249612744,2.4803299001550343,0.5799665561578705,273.895878532889,0.1805309091651804,-20.150000000000038,13.914370937859587,13.882217175506351,14.41137661338881,-0.02,-0.0402702702702702,0.6686486486486486,0.72,15.75081081081081,15.94,15.904,0.1037767452568221,-0.9227625270127378,-0.356079727518912,0.9890821268271288,-14.70883468058304,-5.675910856651457,0.85,0.8500000000000002,0.0,0.0,2.62,65.235,0.2499999999999999,-0.6120779932476204,0.7468687007093968
143,12.46,12.181351351351353,11.48,0.2543689824937991,12.34,-0.8699999999999992,0.0,0.120000000000001,4387.95,-9.845356067928147,-6.353080284709127,-6.334565689579359,-2.16365695574473,1.8997458823962612,2.747421463553295,212.83362728411487,0.2787427475751872,46.41999999999999,11.717195279086605,6.353080284709128,9.58552667772828,-0.24,-0.2478378378378378,2.618918918918919,2.75,7.048648648648649,7.33,7.278,0.2286879398864862,-0.6499507170265333,-0.7573313083054596,0.9979913051239292,-4.764138755804489,-5.551238489879019,0.85,0.8500000000000002,0.0,0.0,2.62,65.235,0.2499999999999999,-0.6120779932476204,0.7468687007093968
144,18.7,18.27162162162162,17.22,0.3841558911714028,18.5,-1.3100000000000025,100.0,0.1799999999999997,6581.749999999999,-14.768292355068116,-9.528529380959236,-9.501848534369037,-3.2463614080931054,2.8525799958333304,4.119124731206525,212.83018220226955,0.2787396000391913,46.41999999999999,17.575418380470115,9.528529380959238,14.370040854219162,-0.09,-0.0962162162162162,0.9008108108108108,0.93,10.572972972972972,10.99,10.918,0.3445472145487808,-0.6499507170265333,-0.7573313083054596,0.9979913051239292,-7.142958380121601,-8.323071078277001,0.85,0.8500000000000002,0.0,0.0,2.62,65.235,0.2499999999999999,-0.6120779932476204,0.7468687007093968
145,18.7,18.27162162162162,17.22,0.3841558911714028,18.5,-1.3100000000000025,100.0,0.1799999999999997,6581.749999999999,-8.025451659524887,-15.636094682151162,-1.048255983605075,-11.933136849143688,4.470675941757084,2.2621798795984667,242.83018220226955,0.2787396000391917,46.41999999999999,17.57541838047011,15.63609468215117,18.02047619132181,-0.09,-0.0986486486486486,0.6867567567567567,0.73,10.572972972972972,10.99,10.918,0.3445472145487808,-0.9415394863056182,-0.3308927935605661,0.9979913051239288,-10.347518954498744,-3.6365118012306223,0.85,0.8500000000000002,0.0,0.0,2.62,65.235,0.2499999999999999,-0.6120779932476204,0.7468687007093968
146,12.46,12.181351351351353,11.48,0.2543689824937991,12.34,-0.8699999999999992,0.0,0.120000000000001,4387.95,-5.349788321774486,-10.424606952804252,-0.6988373224033835,-7.953277932375852,2.9794755314338217,1.5099949250451232,242.83362728411487,0.2787427475751859,46.41999999999999,11.717195279086608,10.424606952804256,12.016878534890044,0.79,0.7659459459459459,10.247297297297298,10.36,10.572972972972972,10.99,10.918,0.3445472145487808,-0.9415394863056182,-0.3308927935605661,0.9979913051239288,-10.347518954498744,-3.6365118012306223,0.85,0.8500000000000002,0.0,0.0,2.62,65.235,0.2499999999999999,-0.6120779932476204,0.7468687007093968
147,12.65,12.443243243243243,12.26,0.1101118363683046,12.38,0.0600000000000005,0.0,0.0600000000000005,4480.1,-12.23597997269963,1.7149879056254076,-11.960803832355705,3.790566182610351,0.1613315631032339,1.46969716099127,172.02143106798906,0.1189106858790392,-6.700000000000017,12.355581305982646,-1.7149879056254058,0.7442732896223573,-0.06,-0.0602702702702702,0.5010810810810811,0.52,7.097837837837838,7.54,7.513999999999999,0.3356247513271825,-0.8625324588242321,-0.5034823845305109,0.998727567486702,-6.503494739534711,-3.796257179360052,0.85,0.8500000000000002,0.0,0.0,2.62,65.235,0.2499999999999999,-0.6120779932476204,0.7468687007093968
148,18.97,18.66594594594595,18.38,0.1658794655108317,18.56,0.0800000000000018,100.0,0.0999999999999978,6720.6,-18.355016052015863,2.5726689615392915,-17.950566631078225,5.687359459645649,0.2412305508390058,2.2049086194144807,172.02130713271458,0.1189159162191151,-6.700000000000017,18.53443389627608,-2.5726689615392884,1.116409934433536,-0.01,-0.0132432432432432,0.6308108108108108,0.65,10.647027027027027,11.3,11.274,0.5041817822371313,-0.8625324588242321,-0.5034823845305109,0.998727567486702,-9.746616784713824,-5.689350945194773,0.85,0.8500000000000002,0.0,0.0,2.62,65.235,0.2499999999999999,-0.6120779932476204,0.7468687007093968
149,18.97,18.66594594594595,18.38,0.1658794655108317,18.56,0.0800000000000018,100.0,0.0999999999999978,6720.6,-17.18224466868654,-6.949511349787174,-15.57288060207223,-4.049885543032239,0.9462582217197172,2.006093112608234,202.02130713271455,0.1189159162191151,-6.700000000000017,18.53443389627608,6.949511349787176,10.280125960006648,0.05,0.0429729729729729,0.711081081081081,0.72,10.647027027027027,11.3,11.274,0.5041817822371313,-0.9987162131956958,-0.0047623059492715,0.998727567486702,-11.285493209111364,-0.0538140572267681,0.85,0.8500000000000002,0.0,0.0,2.62,65.235,0.2499999999999999,-0.6120779932476204,0.7468687007093968
150,12.65,12.443243243243243,12.26,0.1101118363683046,12.38,0.0600000000000005,0.0,0.0600000000000005,4480.1,-11.454163449368208,-4.632766892895144,-10.381920401381484,-2.699206774564769,0.6306367233198252,1.3372864096668169,202.02143106798903,0.1189106858790363,-6.700000000000017,12.35558130598265,4.6327668928951455,6.853417306671097,-0.06,-0.0599999999999999,1.1683783783783783,1.18,10.647027027027027,11.3,11.274,0.5041817822371313,-0.9987162131956958,-0.0047623059492715,0.998727567486702,-11.285493209111364,-0.0538140572267681,0.85,0.8500000000000002,0.0,0.0,2.62,65.235,0.2499999999999999,-0.6120779932476204,0.7468687007093968
151,10.9,9.7972972972973,8.43,0.8624435701043385,9.9,2.1099999999999994,0.0,0.1600000000000001,3530.1500000000005,-9.363287444236237,2.039638456294131,-8.415766276390341,6.334311958378184,0.5906560301233883,2.133235078826586,167.71103130674928,0.210381030193248,-33.609999999999985,9.582863705374605,-2.039638456294129,-0.1345140971884914,0.0,-0.0332432432432432,4.698648648648648,4.93,6.215675675675676,6.52,6.5,0.1911634441552574,-0.9743906389907392,-0.2124205437235283,0.9972760925383606,-6.35302696621962,-1.3849819450774048,0.85,0.8500000000000002,0.0,0.0,2.62,65.235,0.2499999999999999,-0.6120779932476204,0.7468687007093968
152,16.34,14.694594594594596,12.65,1.2932978892123237,14.84,3.17,24.324324324324323,0.2400000000000002,5294.65,-14.043506458762046,3.05950365048794,-12.628640972282067,9.507477721209002,0.8832948189088449,3.2004505539030266,167.709643448122,0.2104010374187582,-33.609999999999985,14.372913283139235,-3.0595036504879367,-0.2016158177259375,-0.04,-0.0427027027027027,1.1735135135135135,1.25,9.323243243243242,9.78,9.748,0.2867342121203748,-0.9743906389907392,-0.2124205437235283,0.9972760925383606,-9.52954044932943,-2.0774729176161078,0.85,0.8500000000000002,0.0,0.0,2.62,65.235,0.2499999999999999,-0.6120779932476204,0.7468687007093968
153,16.34,14.694594594594596,12.65,1.2932978892123237,14.84,3.17,24.324324324324323,0.2400000000000002,5294.65,-13.691785176742744,-4.372145345087239,-11.284227717361308,1.9115287786960893,1.926738147921759,2.703844225252712,197.709643448122,0.2104010374187576,-33.609999999999985,14.37291328313924,4.372145345087243,6.803061232759976,0.05,0.041081081081081,1.7143243243243242,1.89,9.323243243243242,9.78,9.748,0.2867342121203748,-0.9500573184374966,0.3032337323450907,0.9972760925383608,-9.291560574318716,2.965625902334988,0.85,0.8500000000000002,0.0,0.0,2.62,65.235,0.2499999999999999,-0.6120779932476204,0.7468687007093968
154,10.9,9.7972972972973,8.43,0.8624435701043385,9.9,2.1099999999999994,0.0,0.1600000000000001,3530.1500000000005,-9.128664017791518,-2.915265004431724,-7.525745644963924,1.2735469865649038,1.2844015582702395,1.802742101513795,197.71103130674925,0.210381030193247,-33.609999999999985,9.582863705374605,2.915265004431725,4.536967751151945,-0.09,-0.1005405405405405,0.847027027027027,0.86,9.323243243243242,9.78,9.748,0.2867342121203748,-0.9500573184374966,0.3032337323450907,0.9972760925383608,-9.291560574318716,2.965625902334988,0.85,0.8500000000000002,0.0,0.0,2.62,65.235,0.2499999999999999,-0.6120779932476204,0.7468687007093968
155,6.73,6.551081081081081,6.36,0.0971981476795972,6.63,-0.0700000000000002,0.0,0.0700000000000002,2356.95,-4.033853674497012,5.029181633848045,-1.5024732807537036,6.560142836906923,0.93822626295115,0.6936850271066807,128.73273285239776,0.1789141866210774,30.66,6.447064709888332,-5.029181633848045,-4.256495504228488,-0.0,0.0,0.6102702702702703,0.63,8.418378378378378,9.32,9.244,0.5883762057837703,-0.9513781535818784,-0.3020292670687005,0.9981693590162544,-8.866844391383106,-2.814912769080289,0.85,0.8500000000000002,0.0,0.0,2.62,65.235,0.2499999999999999,-0.6120779932476204,0.7468687007093968
156,10.09,9.824054054054054,9.54,0.1441744337544959,9.95,-0.1099999999999994,0.0,0.1100000000000012,3534.55,-6.049508824735835,7.541583751175255,-2.2525936705505005,9.835340449389427,1.407988557126062,1.0384363489299755,128.7349696368271,0.1789004371689042,30.66,9.66809404673679,-7.541583751175255,-6.384743256342731,0.54,0.5248648648648649,4.548378378378378,4.62,12.626486486486488,13.98,13.864,0.8839384111363471,-0.9513781535818784,-0.3020292670687005,0.9981693590162544,-13.300266587074658,-4.222369153620433,0.85,0.8500000000000002,0.0,0.0,2.62,65.235,0.2499999999999999,-0.6120779932476204,0.7468687007093968
157,10.09,9.824054054054054,9.54,0.1441744337544959,9.95,-0.1099999999999994,0.0,0.1100000000000012,3534.55,-9.009820198227,3.506448700917796,-6.868473567795481,7.391357848764652,0.7282715147688694,1.5907238693604882,158.73496963682706,0.1789004371689054,30.66,9.668094046736789,-3.5064487009177943,-1.959478707695517,0.57,0.5559459459459459,5.545405405405406,5.78,12.626486486486488,13.98,13.864,0.8839384111363471,-0.97493228314179,0.2141240588230497,0.9981693590162544,-13.629553318322223,2.993454342346235,0.85,0.8500000000000002,0.0,0.0,2.62,65.235,0.2499999999999999,-0.6120779932476204,0.7468687007093968
158,6.73,6.551081081081081,6.36,0.0971981476795972,6.63,-0.0700000000000002,0.0,0.0700000000000002,2356.95,-6.008010574187639,2.338472217910031,-4.581251448093517,4.930013708839059,0.4846099617799659,1.0614238655065638,158.73273285239776,0.1789141866210761,30.66,6.447064709888333,-2.33847221791003,-1.3056380544498802,0.74,0.6918918918918919,5.29972972972973,5.33,12.626486486486488,13.98,13.864,0.8839384111363471,-0.97493228314179,0.2141240588230497,0.9981693590162544,-13.629553318322223,2.993454342346235,0.85,0.8500000000000002,0.0,0.0,2.62,65.235,0.2499999999999999,-0.6120779932476204,0.7468687007093968
159,9.5,8.958648648648651,8.72,0.2237295926029499,8.76,-0.7799999999999994,0.0,0.1099999999999994,3223.6,0.1453850043112503,-8.791340705636783,2.520137489420305,-8.536966462135661,1.7264711060279905,0.1339024216592684,270.9474309085506,0.1934706513037698,31.25,8.792542760889186,8.79134070563678,9.096790773257236,0.11,0.044054054054054,3.035945945945946,3.42,9.353513513513516,9.63,9.538,0.2023138612800261,-0.9309001707613036,-0.3161497050565255,0.9831204218867352,-8.964568644431354,-3.0445216596943414,0.85,0.8500000000000002,0.0,0.0,2.62,65.235,0.2499999999999999,-0.6120779932476204,0.7468687007093968
160,14.24,13.438108108108109,13.08,0.3338055578848248,13.14,-1.16,0.0,0.1600000000000001,4835.5,0.2182046043386922,-13.187157973805398,3.781620452699156,-12.80544969320349,2.589560407915176,0.1990072711736776,270.9479724211924,0.1934642366357158,31.25,13.188963138755598,13.187157973805398,13.640331949227765,0.12,0.0959459459459459,1.9294594594594596,2.0,14.030810810810811,14.45,14.306,0.3026404376115674,-0.9309001707613036,-0.3161497050565255,0.9831204218867352,-13.451507467500836,-4.5683632380667945,0.85,0.8500000000000002,0.0,0.0,2.62,65.235,0.2499999999999999,-0.6120779932476204,0.7468687007093968
161,14.24,13.438108108108109,13.08,0.3338055578848248,13.14,-1.16,0.0,0.1600000000000001,4835.5,6.782549717482739,-11.311311506864657,9.72118213165992,-9.215142459656043,2.178351380492288,1.4142886068017173,300.9479724211924,0.1934642366357158,31.25,13.188963138755598,11.311311506864651,14.00109675160262,0.03,-0.0381081081081081,5.684864864864865,6.18,14.030810810810811,14.45,14.306,0.3026404376115674,-0.9642580487948238,0.1916564094027431,0.9831204218867354,-13.933528805085205,2.7694351158696384,0.85,0.8500000000000002,0.0,0.0,2.62,65.235,0.2499999999999999,-0.6120779932476204,0.7468687007093968
162,9.5,8.958648648648651,8.72,0.2237295926029499,8.76,-0.7799999999999994,0.0,0.1099999999999994,3223.6,4.521577459881243,-7.540831882250043,6.475980381476713,-6.141130838858292,1.4521336844071593,0.9433663663104682,300.9474309085506,0.1934706513037686,31.25,8.792542760889187,7.540831882250043,9.340619321645006,0.0,-0.0186486486486486,2.7564864864864864,2.82,14.030810810810811,14.45,14.306,0.3026404376115674,-0.9642580487948238,0.1916564094027431,0.9831204218867354,-13.933528805085205,2.7694351158696384,0.85,0.8500000000000002,0.0,0.0,2.62,65.235,0.2499999999999999,-0.6120779932476204,0.7468687007093968
163,12.46,12.181351351351353,11.48,0.2543689824937991,12.34,-0.8699999999999992,0.0,0.120000000000001,4387.95,-9.845356067928147,-6.353080284709127,-6.334565689579359,-2.16365695574473,1.8997458823962612,2.747421463553295,212.83362728411487,0.2787427475751872,46.41999999999999,11.717195279086605,6.353080284709128,9.58552667772828,-0.04,-0.0651351351351351,0.7221621621621621,0.73,7.048648648648649,7.33,7.278,0.2286879398864862,-0.6499507170265333,-0.7573313083054596,0.9979913051239292,-4.764138755804489,-5.551238489879019,1.64,1.64,0.0,0.0,2.23,54.925,0.19,-0.5550936745233234,0.6389177756426411
164,18.7,18.27162162162162,17.22,0.3841558911714028,18.5,-1.3100000000000025,100.0,0.1799999999999997,6581.749999999999,-14.768292355068116,-9.528529380959236,-9.501848534369037,-3.2463614080931054,2.8525799958333304,4.119124731206525,212.83018220226955,0.2787396000391913,46.41999999999999,17.575418380470115,9.528529380959238,14.370040854219162,0.32,0.2908108108108108,5.922432432432433,6.03,10.572972972972972,10.99,10.918,0.3445472145487808,-0.6499507170265333,-0.7573313083054596,0.9979913051239292,-7.142958380121601,-8.323071078277001,1.64,1.64,0.0,0.0,2.23,54.925,0.19,-0.5550936745233234,0.6389177756426411
165,18.7,18.27162162162162,17.22,0.3841558911714028,18.5,-1.3100000000000025,100.0,0.1799999999999997,6581.749999999999,-8.025451659524887,-15.636094682151162,-1.048255983605075,-11.933136849143688,4.470675941757084,2.2621798795984667,242.83018220226955,0.2787396000391917,46.41999999999999,17.57541838047011,15.63609468215117,18.02047619132181,-0.01,-0.024054054054054,0.7645945945945946,0.78,10.572972972972972,10.99,10.918,0.3445472145487808,-0.9415394863056182,-0.3308927935605661,0.9979913051239288,-10.347518954498744,-3.6365118012306223,1.64,1.64,0.0,0.0,2.23,54.925,0.19,-0.5550936745233234,0.6389177756426411
166,12.46,12.181351351351353,11.48,0.2543689824937991,12.34,-0.8699999999999992,0.0,0.120000000000001,4387.95,-5.349788321774486,-10.424606952804252,-0.6988373224033835,-7.953277932375852,2.9794755314338217,1.5099949250451232,242.83362728411487,0.2787427475751859,46.41999999999999,11.717195279086608,10.424606952804256,12.016878534890044,0.29,0.2459459459459459,3.815405405405405,4.03,10.572972972972972,10.99,10.918,0.3445472145487808,-0.9415394863056182,-0.3308927935605661,0.9979913051239288,-10.347518954498744,-3.6365118012306223,1.64,1.64,0.0,0.0,2.23,54.925,0.19,-0.5550936745233234,0.6389177756426411
167,12.65,12.443243243243243,12.26,0.1101118363683046,12.38,0.0600000000000005,0.0,0.0600000000000005,4480.1,-12.23597997269963,1.7149879056254076,-11.960803832355705,3.790566182610351,0.1613315631032339,1.46969716099127,172.02143106798906,0.1189106858790392,-6.700000000000017,12.355581305982646,-1.7149879056254058,0.7442732896223573,0.2,0.1302702702702702,4.726756756756757,4.95,7.097837837837838,7.54,7.513999999999999,0.3356247513271825,-0.8625324588242321,-0.5034823845305109,0.998727567486702,-6.503494739534711,-3.796257179360052,1.48,1.4799999999999995,0.0,0.0,1.83,44.81,0.18,-0.6678017766156582,0.5422904108505989
168,18.97,18.66594594594595,18.38,0.1658794655108317,18.56,0.0800000000000018,100.0,0.0999999999999978,6720.6,-18.355016052015863,2.5726689615392915,-17.950566631078225,5.687359459645649,0.2412305508390058,2.2049086194144807,172.02130713271458,0.1189159162191151,-6.700000000000017,18.53443389627608,-2.5726689615392884,1.116409934433536,0.68,0.6716216216216216,6.04972972972973,6.14,10.647027027027027,11.3,11.274,0.5041817822371313,-0.8625324588242321,-0.5034823845305109,0.998727567486702,-9.746616784713824,-5.689350945194773,1.48,1.4799999999999995,0.0,0.0,1.83,44.81,0.18,-0.6678017766156582,0.5422904108505989
169,18.97,18.66594594594595,18.38,0.1658794655108317,18.56,0.0800000000000018,100.0,0.0999999999999978,6720.6,-17.18224466868654,-6.949511349787174,-15.57288060207223,-4.049885543032239,0.9462582217197172,2.006093112608234,202.02130713271455,0.1189159162191151,-6.700000000000017,18.53443389627608,6.949511349787176,10.280125960006648,0.34,0.2881081081081081,3.5716216216216217,3.61,10.647027027027027,11.3,11.274,0.5041817822371313,-0.9987162131956958,-0.0047623059492715,0.998727567486702,-11.285493209111364,-0.0538140572267681,1.48,1.4799999999999995,0.0,0.0,1.83,44.81,0.18,-0.6678017766156582,0.5422904108505989
170,12.65,12.443243243243243,12.26,0.1101118363683046,12.38,0.0600000000000005,0.0,0.0600000000000005,4480.1,-11.454163449368208,-4.632766892895144,-10.381920401381484,-2.699206774564769,0.6306367233198252,1.3372864096668169,202.02143106798903,0.1189106858790363,-6.700000000000017,12.35558130598265,4.6327668928951455,6.853417306671097,0.25,0.2410810810810811,3.192972972972973,3.27,10.647027027027027,11.3,11.274,0.5041817822371313,-0.9987162131956958,-0.0047623059492715,0.998727567486702,-11.285493209111364,-0.0538140572267681,1.48,1.4799999999999995,0.0,0.0,1.83,44.81,0.18,-0.6678017766156582,0.5422904108505989
171,10.9,9.7972972972973,8.43,0.8624435701043385,9.9,2.1099999999999994,0.0,0.1600000000000001,3530.1500000000005,-9.363287444236237,2.039638456294131,-8.415766276390341,6.334311958378184,0.5906560301233883,2.133235078826586,167.71103130674928,0.210381030193248,-33.609999999999985,9.582863705374605,-2.039638456294129,-0.1345140971884914,0.77,0.7513513513513513,6.269459459459459,6.34,6.215675675675676,6.52,6.5,0.1911634441552574,-0.9743906389907392,-0.2124205437235283,0.9972760925383606,-6.35302696621962,-1.3849819450774048,1.9,1.9000000000000004,0.0,0.0,2.23,54.855,0.22,-0.6282904590815387,0.6554981823439677
172,16.34,14.694594594594596,12.65,1.2932978892123237,14.84,3.17,24.324324324324323,0.2400000000000002,5294.65,-14.043506458762046,3.05950365048794,-12.628640972282067,9.507477721209002,0.8832948189088449,3.2004505539030266,167.709643448122,0.2104010374187582,-33.609999999999985,14.372913283139235,-3.0595036504879367,-0.2016158177259375,0.18,0.1518918918918919,4.823513513513514,4.95,9.323243243243242,9.78,9.748,0.2867342121203748,-0.9743906389907392,-0.2124205437235283,0.9972760925383606,-9.52954044932943,-2.0774729176161078,1.9,1.9000000000000004,0.0,0.0,2.23,54.855,0.22,-0.6282904590815387,0.6554981823439677
173,16.34,14.694594594594596,12.65,1.2932978892123237,14.84,3.17,24.324324324324323,0.2400000000000002,5294.65,-13.691785176742744,-4.372145345087239,-11.284227717361308,1.9115287786960893,1.926738147921759,2.703844225252712,197.709643448122,0.2104010374187576,-33.609999999999985,14.37291328313924,4.372145345087243,6.803061232759976,0.73,0.7043243243243242,5.173783783783784,5.24,9.323243243243242,9.78,9.748,0.2867342121203748,-0.9500573184374966,0.3032337323450907,0.9972760925383608,-9.291560574318716,2.965625902334988,1.9,1.9000000000000004,0.0,0.0,2.23,54.855,0.22,-0.6282904590815387,0.6554981823439677
174,10.9,9.7972972972973,8.43,0.8624435701043385,9.9,2.1099999999999994,0.0,0.1600000000000001,3530.1500000000005,-9.128664017791518,-2.915265004431724,-7.525745644963924,1.2735469865649038,1.2844015582702395,1.802742101513795,197.71103130674925,0.210381030193247,-33.609999999999985,9.582863705374605,2.915265004431725,4.536967751151945,0.58,0.5659459459459459,6.498378378378378,6.71,9.323243243243242,9.78,9.748,0.2867342121203748,-0.9500573184374966,0.3032337323450907,0.9972760925383608,-9.291560574318716,2.965625902334988,1.9,1.9000000000000004,0.0,0.0,2.23,54.855,0.22,-0.6282904590815387,0.6554981823439677
175,6.73,6.551081081081081,6.36,0.0971981476795972,6.63,-0.0700000000000002,0.0,0.0700000000000002,2356.95,-4.033853674497012,5.029181633848045,-1.5024732807537036,6.560142836906923,0.93822626295115,0.6936850271066807,128.73273285239776,0.1789141866210774,30.66,6.447064709888332,-5.029181633848045,-4.256495504228488,0.5,0.4735135135135135,5.25,5.33,8.418378378378378,9.32,9.244,0.5883762057837703,-0.9513781535818784,-0.3020292670687005,0.9981693590162544,-8.866844391383106,-2.814912769080289,1.6,1.6000000000000003,0.0,0.0,2.12,52.105,0.21,-0.6693878618520124,0.6305795217384867
176,10.09,9.824054054054054,9.54,0.1441744337544959,9.95,-0.1099999999999994,0.0,0.1100000000000012,3534.55,-6.049508824735835,7.541583751175255,-2.2525936705505005,9.835340449389427,1.407988557126062,1.0384363489299755,128.7349696368271,0.1789004371689042,30.66,9.66809404673679,-7.541583751175255,-6.384743256342731,0.64,0.6216216216216216,9.565405405405404,9.75,12.626486486486488,13.98,13.864,0.8839384111363471,-0.9513781535818784,-0.3020292670687005,0.9981693590162544,-13.300266587074658,-4.222369153620433,1.6,1.6000000000000003,0.0,0.0,2.12,52.105,0.21,-0.6693878618520124,0.6305795217384867
177,10.09,9.824054054054054,9.54,0.1441744337544959,9.95,-0.1099999999999994,0.0,0.1100000000000012,3534.55,-9.009820198227,3.506448700917796,-6.868473567795481,7.391357848764652,0.7282715147688694,1.5907238693604882,158.73496963682706,0.1789004371689054,30.66,9.668094046736789,-3.5064487009177943,-1.959478707695517,0.02,0.004054054054054,4.7443243243243245,4.79,12.626486486486488,13.98,13.864,0.8839384111363471,-0.97493228314179,0.2141240588230497,0.9981693590162544,-13.629553318322223,2.993454342346235,1.6,1.6000000000000003,0.0,0.0,2.12,52.105,0.21,-0.6693878618520124,0.6305795217384867
178,10.09,9.824054054054054,9.54,0.1441744337544959,9.95,-0.1099999999999994,0.0,0.1100000000000012,3534.55,-9.009820198227,3.506448700917796,-6.868473567795481,7.391357848764652,0.7282715147688694,1.5907238693604882,158.73496963682706,0.1789004371689054,30.66,9.668094046736789,-3.5064487009177943,-1.959478707695517,0.71,0.6867567567567567,8.253783783783783,8.49,12.626486486486488,13.98,13.864,0.8839384111363471,-0.97493228314179,0.2141240588230497,0.9981693590162544,-13.629553318322223,2.993454342346235,1.6,1.6000000000000003,0.0,0.0,2.12,52.105,0.21,-0.6693878618520124,0.6305795217384867
179,9.5,8.958648648648651,8.72,0.2237295926029499,8.76,-0.7799999999999994,0.0,0.1099999999999994,3223.6,0.1453850043112503,-8.791340705636783,2.520137489420305,-8.536966462135661,1.7264711060279905,0.1339024216592684,270.9474309085506,0.1934706513037698,31.25,8.792542760889186,8.79134070563678,9.096790773257236,0.71,0.6935135135135135,6.136216216216216,6.27,9.353513513513516,9.63,9.538,0.2023138612800261,-0.9309001707613036,-0.3161497050565255,0.9831204218867352,-8.964568644431354,-3.0445216596943414,1.94,1.94,0.0,0.0,2.05,50.41499999999999,0.18,-0.5868759493458192,0.5957105007723635
180,14.24,13.438108108108109,13.08,0.3338055578848248,13.14,-1.16,0.0,0.1600000000000001,4835.5,0.2182046043386922,-13.187157973805398,3.781620452699156,-12.80544969320349,2.589560407915176,0.1990072711736776,270.9479724211924,0.1934642366357158,31.25,13.188963138755598,13.187157973805398,13.640331949227765,0.23,0.2245945945945946,3.9591891891891895,4.12,14.030810810810811,14.45,14.306,0.3026404376115674,-0.9309001707613036,-0.3161497050565255,0.9831204218867352,-13.451507467500836,-4.5683632380667945,1.94,1.94,0.0,0.0,2.05,50.41499999999999,0.18,-0.5868759493458192,0.5957105007723635
181,14.24,13.438108108108109,13.08,0.3338055578848248,13.14,-1.16,0.0,0.1600000000000001,4835.5,6.782549717482739,-11.311311506864657,9.72118213165992,-9.215142459656043,2.178351380492288,1.4142886068017173,300.9479724211924,0.1934642366357158,31.25,13.188963138755598,11.311311506864651,14.00109675160262,0.13,0.1202702702702702,4.114864864864865,4.14,14.030810810810811,14.45,14.306,0.3026404376115674,-0.9642580487948238,0.1916564094027431,0.9831204218867354,-13.933528805085205,2.7694351158696384,1.94,1.94,0.0,0.0,2.05,50.41499999999999,0.18,-0.5868759493458192,0.5957105007723635
182,9.5,8.958648648648651,8.72,0.2237295926029499,8.76,-0.7799999999999994,0.0,0.1099999999999994,3223.6,4.521577459881243,-7.540831882250043,6.475980381476713,-6.141130838858292,1.4521336844071593,0.9433663663104682,300.9474309085506,0.1934706513037686,31.25,8.792542760889187,7.540831882250043,9.340619321645006,0.33,0.3221621621621621,2.286756756756757,2.36,14.030810810810811,14.45,14.306,0.3026404376115674,-0.9642580487948238,0.1916564094027431,0.9831204218867354,-13.933528805085205,2.7694351158696384,1.94,1.94,0.0,0.0,2.05,50.41499999999999,0.18,-0.5868759493458192,0.5957105007723635
183,7.37,6.583513513513513,6.17,0.400413409448327,6.47,-1.16,0.0,0.0500000000000007,2368.0,3.917200292205136,-5.279684921946862,4.896021211607599,-5.083638384364024,0.5178866838506878,0.1234644057459247,306.57313390209,0.0533351969174438,-10.110000000000014,6.5741562960036966,5.279684921946862,5.50870913150154,0.11,0.0994594594594594,3.8508108108108106,3.93,11.20486486486486,11.29,11.27,0.0408439099712366,-0.9979293177345324,0.0635499781002625,0.9999507602430496,-11.266621997222869,0.7174792527519646,0.31,0.31,0.0,0.0,1.75,44.55,0.1699999999999999,-0.6880955217727933,0.4826748577059974
184,5.2,5.098648648648648,4.95,0.0802752751192492,5.11,-0.25,0.0,0.0100000000000006,1835.75,0.0154850954695629,-5.098141240403223,0.1278486024052968,-4.948348687679862,0.0699668623493311,0.0805164893258088,270.17402967973425,0.0137775364745315,2.7100000000000364,5.098164757565394,5.098141240403223,5.199110128236195,0.84,0.822972972972973,7.062432432432432,7.24,6.491621621621622,6.75,6.624,0.1104906383098908,-0.9750179328602616,-0.2196456456420077,0.999451939339052,-6.581371046806765,-1.4826081080835525,0.43,0.4299999999999999,0.0,0.0,1.43,34.89,0.12,-0.535028672523475,0.4206645408793693
185,10.28,9.184594594594596,7.28,0.928863282624854,10.2,-0.8600000000000003,0.0,0.2800000000000011,3321.2000000000003,-6.220419731448295,-6.631600647759112,-3.1042711787578314,-4.9583642735126,1.273549453723512,0.9622306724663604,226.832466583839,0.1420465662460767,26.67999999999998,9.092400606371804,6.631600647759113,7.718312742766929,0.53,0.5216216216216216,6.607027027027027,6.76,13.445135135135132,13.62,13.564,0.0940563839413192,-0.9722811762265116,-0.2316891576777851,0.9995051532782864,-13.242469620205089,-3.155606327571433,0.5,0.5,0.0,0.0,1.36,32.11,0.13,-0.5568192479463887,0.426438184501431
186,8.32,8.01,7.73,0.1805547008526778,8.0,0.5899999999999999,0.0,0.0200000000000013,2883.45,-2.814443943521127,-7.486084947693692,-2.4963320199274177,-6.718528581422333,0.352154696366819,0.3257675774504828,249.3959120176715,0.0555299021254011,12.179999999999978,7.997659817428397,7.486084947693693,7.936669732720715,0.89,0.8794594594594595,5.67,5.73,13.02,13.25,13.23,0.1724231125160711,-0.901357101462861,-0.4330505216216898,0.9999886892532076,-11.942981594382909,-5.73791941148739,0.45,0.4499999999999999,0.0,0.0,1.47,35.775,0.14,-0.5850802570325622,0.4357626832843425
187,7.67,7.045945945945945,6.51,0.3323662865416867,7.03,-1.16,0.0,0.0499999999999998,2536.1,3.479167085140072,-6.016641844440684,5.033993056179574,-5.620486840272794,1.17294332989145,0.2746686656466631,300.0389615917222,0.1654641372329178,-29.00999999999999,6.950149832240789,6.016641844440684,6.371779694587258,0.39,0.3762162162162162,5.101351351351352,5.13,14.49891891891892,14.82,14.768,0.2119890841629272,-0.9954616515342672,-0.095155434311732,0.9999992281768948,-14.75274167573784,-1.410203536499869,0.36,0.3599999999999999,0.0,0.0,0.98,24.33,0.1,-0.76204513699865,0.2873597094751745
188,4.49,4.092432432432433,3.73,0.2340178487695584,4.09,0.6900000000000004,0.0,0.04,1472.75,4.088121731525168,0.1468098412511243,4.489728576276636,0.3166539871335928,0.2380174110814444,0.108732968014049,2.0566831710428284,0.0286179605047709,-5.409999999999968,4.090756949667936,-0.1468098412511252,0.049369133727251,0.55,0.5237837837837839,5.560540540540541,5.84,11.490270270270273,11.58,11.55,0.0460015561714734,-0.9997152038448988,0.0238191071587272,0.9999989193316594,-11.576702060523928,0.275825260898061,0.4,0.4000000000000001,0.0,0.0,1.22,30.56,0.12,-0.6387154632953796,0.3476791464799192
189,9.84,8.669189189189188,7.08,0.8869637805408035,8.74,-2.5700000000000003,0.0,0.0999999999999996,3123.9500000000003,2.8707954720638678,-8.120384640420577,3.6929662015213656,-6.040562940191987,0.6349404786648222,1.164595716846855,289.4700035758947,0.1141379579182478,21.79000000000002,8.612903886077032,8.120384640420577,9.60823722585314,0.12,0.1151351351351351,4.035135135135135,4.05,11.681351351351353,12.09,12.002,0.2232337541337785,-0.9971955600426724,-0.0746152761645499,0.9999832120620482,-12.05609432091591,-0.9020986888294092,0.41,0.41,0.0,0.0,1.33,33.11500000000001,0.12,-0.5915421721562738,0.3836771835203744
190,6.02,5.96135135135135,5.82,0.0468558549897714,5.97,-0.1999999999999993,0.0,0.0299999999999993,2146.5,0.9343967904123034,5.885380495810495,1.2351798694469636,5.902561367621147,0.1681284021467833,0.0289361952850037,80.97868901741127,0.0275223955320388,4.150000000000006,5.959093969925243,-5.885380495810495,-5.7676582352003765,0.09,0.0751351351351351,4.123243243243243,4.24,13.377837837837836,13.67,13.614,0.1706131254279634,-0.9919679951753552,-0.1264320203430805,0.9999927795840562,-13.560202494047106,-1.7283257180899103,0.36,0.3599999999999999,0.0,0.0,1.71,43.885000000000005,0.1599999999999999,-0.6555609800575973,0.4636626503435378
191,6.93,6.323513513513514,5.83,0.3449811292623333,6.31,1.0199999999999996,0.0,0.04,2275.5,-3.5692582439202094,-5.219619355142677,-3.2861973925441594,-4.752020863810307,0.1770683244549016,0.3007512580812425,235.63506225616024,0.00835695665919,2.3499999999999943,6.323292704309396,5.219619355142677,5.736423031666054,0.82,0.8010810810810811,7.133513513513513,7.16,8.937567567567566,9.1,9.084,0.1064007062922454,-0.998274982479502,-0.0586705312264549,0.9999975859365082,-9.084302340563466,-0.5339018341607397,0.35,0.3499999999999999,0.0,0.0,0.99,23.565,0.09,-0.5416488836992506,0.3062866978355422
192,11.81,11.196216216216218,10.93,0.2323016602580704,11.13,0.8800000000000008,0.0,0.0700000000000002,4028.9,-9.85303662141094,-5.311779524510271,-9.5401074962682,-4.9350101415907135,0.3138637106568462,0.1156668184167865,208.32914070067216,0.0214987198750263,-4.510000000000019,11.193629097833806,5.311779524510272,5.397712111261443,0.4,0.3818918918918919,2.4843243243243243,2.59,14.964054054054053,15.07,15.054,0.0812223993688952,-0.9620767967377152,-0.2726863858089776,0.9999748135961553,-14.498497326837366,-4.109383834141292,0.35,0.3499999999999999,0.0,0.0,1.64,39.045,0.1699999999999999,-0.5867750246091793,0.5077340486262514
193,9.6,9.045675675675676,8.42,0.3350961180426388,9.05,-1.1799999999999995,0.0,0.0500000000000007,3256.8,3.527589880265404,8.328034714378806,4.005434051152946,8.724476950617985,0.2726503735748147,0.2492930893105408,67.04345040069778,0.0171973547106311,2.8499999999999943,9.0443381497625,-8.328034714378806,-7.81730479326592,0.51,0.49,6.118108108108109,6.31,10.960810810810807,11.18,11.154,0.15897268809076,-0.999835750852714,-0.0177965986567405,0.9999941237862148,-11.178163694533344,-0.1989659729823598,0.44,0.4399999999999999,0.0,0.0,2.24,55.290000000000006,0.21,-0.6254134831213166,0.6512378503778722
194,8.73,8.676486486486487,8.6,0.0338690815088012,8.69,-0.0300000000000011,0.0,0.0200000000000013,3124.1500000000005,3.330953342993506,8.009652355546946,3.578802684123344,8.123661729241203,0.1615562149908468,0.0817522130851834,67.41916611601401,0.0205020584882653,4.139999999999986,8.674663165213872,-8.009652355546946,-7.852965767664568,0.8,0.778918918918919,7.435135135135136,7.63,14.93837837837838,15.48,15.372,0.31594999188217,-0.9905412726255634,-0.1369251448099978,0.9999602532380522,-15.33357890024372,-2.1196012416587657,0.4,0.4000000000000001,0.0,0.0,2.21,54.505,0.19,-0.5495178404730771,0.6360621182412177
195,7.22,6.985135135135135,6.56,0.1867448269354305,7.04,-0.6600000000000001,0.0,0.04,2515.6000000000004,6.909107913835899,1.019304051663186,7.170544960422805,1.1920875917200413,0.2038917162129023,0.1032557009535702,8.392336558834758,0.0188641807796818,3.759999999999991,6.983892389976154,-1.0193040516631875,-0.8436142308870278,0.8,0.7794594594594595,5.362702702702703,5.51,6.118378378378378,8.42,7.88,1.1554208628648333,-0.4004717167523915,0.8479458978681766,0.937757880068238,-3.3719718550551367,7.139704460050047,0.36,0.3599999999999999,0.0,0.0,1.96,49.215,0.18,-0.6283809464895245,0.5578455635333447
196,8.42,8.21054054054054,7.93,0.1382701223505749,8.3,0.2300000000000004,0.0,0.0300000000000011,2957.45,4.240207567320581,7.025661330966434,4.660780807414302,7.060998738089412,0.3028016883334418,0.0335913789126114,58.88769791326304,0.0330732344011655,-4.420000000000016,8.206051264243952,-7.025661330966434,-6.950837931537856,0.22,0.2132432432432432,1.2191891891891893,1.45,12.02972972972973,12.32,12.268,0.1792399341134894,-0.972365009498696,-0.2334538884286087,0.9999972148560397,-11.979536917023934,-2.87615190544046,0.41,0.41,0.0,0.0,1.99,51.05,0.18,-0.6029719735112047,0.5286112019015003
197,5.01,4.6,3.85,0.3585556611771207,4.78,-1.1599999999999997,0.0,0.0600000000000005,1657.6999999999998,2.8918988783728463,-3.5630016275498457,3.6323193884148126,-3.221542606817004,0.4560423158666831,0.1500927967763255,309.06440079670546,0.0694927014263224,-13.27000000000004,4.588906157316466,3.563001627549845,3.783068611274544,0.83,0.807027027027027,8.91108108108108,9.06,9.696216216216216,10.61,10.502,0.7827475909182894,-0.9584017647240736,0.1386227771464411,0.9683750394191344,-10.16864272372242,1.4707876655237404,0.42,0.42,0.0,0.0,1.45,36.120000000000005,0.15,-0.6979746482906231,0.4184551923339397
198,2.73,2.3616216216216217,2.27,0.139507115260051,2.28,0.4599999999999999,0.0,0.04,848.8,-1.9792753528219456,-1.2851255033392053,-1.8459611377171372,-1.0758313820536212,0.1099838783606542,0.1246755140289487,212.99529758261733,0.0383069792874646,4.980000000000018,2.359889506231443,1.2851255033392055,1.4976373640816414,0.78,0.7518918918918919,5.495675675675676,5.53,11.981621621621622,12.16,12.15,0.1675823881850441,-0.9865087300190792,-0.1635783972896639,0.9999786830046484,-11.995946157032002,-1.9891133110423131,0.34,0.34,0.0,0.0,1.72,41.3,0.1699999999999999,-0.569119167401727,0.5221758713437328
199,6.72,6.176756756756757,5.7,0.2851936663378258,6.17,-1.0199999999999996,0.0,0.0700000000000002,2223.3,-6.176673362481549,0.0148392655168505,-5.699816298405565,0.1243162014158519,0.2851662293640768,0.0287341347448977,179.86234893776918,0.0046077056868415,0.5999999999999943,6.176691187892608,-0.0148392655168494,0.0276040467261131,0.46,0.4348648648648648,3.919189189189189,4.01,11.020810810810811,11.22,11.164,0.10816349932315,-0.9408229398157734,-0.3388975868242381,0.9999996892193947,-10.556033384732975,-3.802430924167952,0.44,0.4399999999999999,0.0,0.0,0.82,20.89,0.07,-0.6635982687186406,0.2243249755770422
200,7.0,6.697297297297297,6.31,0.191630960775733,6.71,0.6900000000000004,0.0,0.04,2411.45,6.318360541966868,2.219108002070086,6.564374418606522,2.4308411080003327,0.1533216855764602,0.1445188953395024,19.352080364023525,0.0130779609430926,3.0900000000000034,6.696724592152147,-2.2191080020700875,-1.8690736919423625,0.3,0.2894594594594594,3.969459459459459,4.27,7.780810810810812,7.84,7.82,0.0270513404152456,-0.9995397038340822,0.0244659860478512,0.999839089060844,-7.836391278059204,0.1918133306151534,0.37,0.3699999999999999,0.0,0.0,1.57,37.81,0.14,-0.5842184677050772,0.4711723252875466
201,8.46,7.65918918918919,7.15,0.4155190721767002,7.56,-1.1100000000000012,0.0,0.0599999999999996,2754.85,-3.742416173074632,-6.681315055830033,-3.6116813920326063,-6.170758261546584,0.0882066920465517,0.4270890151498871,240.74543080126404,0.0172875134944944,-2.9399999999999977,7.658044769244408,6.681315055830034,7.505474779971522,0.5,0.4832432432432432,7.916486486486487,8.0,14.31405405405405,14.8,14.748,0.3597931797759574,-0.9815304037778902,-0.1912851352235804,0.9999959682408184,-14.526649975912775,-2.831020001308991,0.4,0.4000000000000001,0.0,0.0,1.81,42.99000000000001,0.17,-0.5780934038350645,0.5577922671518273
202,9.46,9.253783783783785,8.92,0.1467918429015718,9.28,-0.5400000000000009,0.0,0.0300000000000011,3332.0,-5.47292060932604,-7.461619369612943,-5.234224005287983,-7.222831789711499,0.075634121417642,0.1404208989815575,233.7408376438854,0.0067406175034552,-0.3799999999999954,9.25357355906186,7.461619369612943,7.696735932277443,0.26,0.242972972972973,1.8213513513513515,1.87,9.383243243243244,9.51,9.51,0.1077046525646685,-0.9928370852094068,-0.1194527667379708,0.9999972206203708,-9.441880680341455,-1.1359958116781024,0.34,0.34,0.0,0.0,1.92,47.245,0.18,-0.5997358114892529,0.5567479663436208
203,4.5,2.562162162162162,1.9,0.7740945369151055,2.14,2.18,0.0,0.1900000000000004,913.9,-2.3605170914415763,-0.1096970573985955,-1.6673372027100288,1.1579666024800093,0.6314557435824345,1.0867780628096706,182.66071352569685,0.4022241999862023,24.389999999999983,2.3630646168460374,0.1096970573985959,2.42812102116901,0.42,0.4081081081081081,6.25972972972973,6.37,13.662972972972971,13.81,13.81,0.0940058901220979,-0.9788914742258168,-0.2027141696626957,0.999660718891179,-13.518491259058528,-2.799482683041828,0.51,0.5100000000000002,0.0,0.0,1.51,36.44499999999999,0.14,-0.560132483795409,0.45470898711777
204,8.26,7.796486486486487,7.22,0.3307176162669247,7.81,1.04,0.0,0.0400000000000009,2807.3000000000006,3.2782536788272,7.061880152382706,3.644865199308105,7.726767694654703,0.2309780097678438,0.4734198615589511,65.09841100087468,0.0526246832415297,9.620000000000005,7.785698328946535,-7.061880152382706,-6.232443957138539,0.85,0.8202702702702703,7.575405405405406,7.72,8.450810810810811,8.49,8.48,0.0217328221545674,-0.9979042562968146,-0.064106260265612,0.999961257919796,-8.472207135959955,-0.544262149655046,0.44,0.4399999999999999,0.0,0.0,1.32,33.629999999999995,0.13,-0.6894714098171209,0.355745290156068
205,5.07,4.667837837837837,4.26,0.239302309485418,4.67,0.8100000000000005,0.0,0.0300000000000002,1680.4500000000005,3.123329696365964,3.450119414623174,3.2635999605606947,4.130646535627998,0.1072481042212746,0.4194772371123014,47.84603552073255,0.0774169962579624,14.509999999999993,4.653870686574913,-3.450119414623175,-2.741121983765899,0.2,0.1851351351351351,3.0097297297297296,3.04,9.691891891891892,9.94,9.888,0.1443126830004872,-0.9458128815293504,0.3245769907140335,0.9999561139209212,-9.401380042401742,3.226295287697493,0.3,0.3000000000000001,0.0,0.0,1.96,46.535,0.18,-0.5373998025557661,0.601414937421728
206,13.71,12.974324324324323,12.42,0.4053529695819037,12.93,-1.290000000000001,0.0,0.0500000000000007,4669.849999999999,-4.9277601944234455,12.000139769259892,-4.78437218030415,12.770006800056128,0.1037446347120911,0.4477328868355658,112.3251075172216,0.0166958696430426,3.469999999999999,12.972516140499383,-12.000139769259892,-11.273686865830705,0.13,0.1216216216216216,5.134054054054055,5.34,5.597297297297297,6.64,6.156,0.362980519532747,0.4861029165257565,-0.8658763717599348,0.9929944293031032,3.227723365731023,-5.749419108485967,0.42,0.42,0.0,0.0,1.97,46.82,0.18,-0.5351698965718794,0.6097081652310817
207,10.99,10.083783783783783,9.34,0.5159685269646933,10.06,-1.5199999999999996,0.0,0.0600000000000005,3628.7,-2.7199330619279043,-9.676519200250905,-1.5504034964570494,-8.65193633432258,0.6386635736561507,0.7127187835400592,254.30007582152652,0.080058404795207,-14.839999999999977,10.051520267809885,9.676519200250905,10.880089567562106,0.61,0.5937837837837837,3.2408108108108107,3.5,11.492432432432432,12.01,11.912,0.3029441604546004,-0.996109778582012,-0.0880385089063933,0.9999927349921928,-11.963278440769962,-1.0573424919657834,0.3,0.3000000000000001,0.0,0.0,1.19,29.1,0.11,-0.5717348152622116,0.3513124718613299
208,6.19,5.185675675675675,4.28,0.5434302488399713,5.18,-1.91,0.0,0.0900000000000007,1866.35,-5.1736708503740845,-0.1627210854526197,-4.239892244370062,0.5125828045005439,0.5521470294114903,0.2972105094025674,181.80145960280475,0.0603873952126211,12.599999999999994,5.1762291506135405,0.1627210854526206,0.5845628761139348,0.15,0.1445945945945946,3.762972972972973,3.82,12.247027027027023,12.27,12.27,0.0264947587743835,-0.9707519975883956,-0.2400813314385459,0.9999992432632964,-11.911127010409611,-2.9457979367509584,0.37,0.3699999999999999,0.0,0.0,0.83,22.995000000000005,0.0799999999999999,-0.8866596733117262,0.1928889210545678
209,6.29,4.928378378378378,4.0,0.6702743025162062,4.76,2.29,0.0,0.1000000000000005,1772.05,3.94398923590178,2.921623128428716,5.536640415162779,2.9922732854390723,0.8035155213490637,0.04013839251294,36.53025883750154,0.0904680716456142,-17.439999999999998,4.908251501041762,-2.921623128428717,-2.866181898401453,0.24,0.228108108108108,1.4270270270270269,1.46,7.756756756756757,7.83,7.82,0.0430621206877926,-0.9931700856473344,-0.1166421740513078,0.9999961078885004,-7.776521770618629,-0.9133082228217404,0.3,0.3000000000000001,0.0,0.0,0.81,21.03,0.07,-0.6148242523971683,0.2084486508212956
210,6.5,6.334324324324324,6.11,0.1226628105172994,6.35,0.3899999999999997,0.0,0.0200000000000004,2280.65,-2.191728810199657,-5.930827588043531,-1.5207040129593334,-5.515713942150528,0.3191836959902365,0.2417468148029398,249.71828049617665,0.060226376983684,11.950000000000015,6.32284675257573,5.930827588043531,6.319609110140387,0.65,0.6189189189189189,5.903243243243243,5.93,7.715405405405406,7.86,7.814,0.0638238536528931,-0.999959679643274,-0.0044669240022761,0.9999696567008028,-7.859683081996133,-0.0351100226578906,0.38,0.3800000000000001,0.0,0.0,1.74,43.2,0.15,-0.5426800680704765,0.4901133572908279
211,9.15,9.082432432432434,8.8,0.0883300140414895,9.13,0.2899999999999991,0.0,0.0400000000000009,3271.05,6.319629982080438,-6.520905928713551,6.460450222251697,-6.396112831794937,0.1823499800916429,0.0720577844520135,314.10195976555184,0.0192749926752691,4.229999999999961,9.08074541221928,6.520905928713549,6.6364036060624185,0.14,0.1229729729729729,4.403783783783783,4.61,9.076486486486482,9.08,9.08,0.0074312038296579,-0.9999224008193904,0.0101271750652686,0.9999736833213242,-9.079295399440063,0.0919547495926396,0.44,0.4399999999999999,0.0,0.0,1.52,36.715,0.14,-0.5545608558287931,0.4599153541074211
212,11.68,10.52918918918919,9.91,0.6115526468613528,9.95,0.620000000000001,0.0,0.2400000000000002,3784.8,-0.0941432611555624,-10.516170674984016,0.7299514228461574,-9.898835105154983,0.5204111607490958,0.6068650808660738,269.487088255715,0.0489309036038665,-3.789999999999964,10.516592062974336,10.516170674984016,11.66452197044281,0.64,0.6289189189189189,6.6854054054054055,6.79,14.20864864864865,15.49,15.49,1.0082233830187346,-0.99223074451382,-0.1192149160275576,0.9993668228242856,-15.36965423251907,-1.846639049266868,0.5,0.5,0.0,0.0,1.71,42.76000000000001,0.16,-0.6789455086682868,0.4921095449558655
213,5.48,5.300540540540539,4.64,0.236608308391121,5.46,-0.7400000000000002,0.0,0.0700000000000002,1911.1,-1.784060906273496,4.979791680151569,-1.1476448305722944,5.243616400104741,0.3680913926096008,0.1871463202952032,109.71057839016098,0.0639124868007766,-11.949999999999989,5.289725748562036,-4.979791680151569,-4.495832664019057,0.79,0.772972972972973,6.234864864864865,6.34,10.683513513513514,10.91,10.864,0.1303885299261551,-0.9963782306306964,-0.0848989583875081,0.9999887057412404,-10.8704864961809,-0.9262476360077144,0.43,0.4299999999999999,0.0,0.0,2.03,50.03999999999999,0.19,-0.5784378148969229,0.5927392429056394
214,4.57,3.864054054054054,3.26,0.412090645102339,3.86,1.3000000000000005,0.0,0.04,1390.5,-3.5620577510197915,-1.3716101977229649,-2.5322639461487477,-0.5632757157166212,0.60168938447207,0.4112570497246819,201.05975889226775,0.1565206271795981,-32.16999999999999,3.8170106046614287,1.371610197722965,2.068946424399428,0.8,0.7854054054054055,7.255405405405405,7.46,11.934594594594596,12.26,12.238,0.2205103980461177,-0.996468937998242,-0.0831078475699499,0.9999286268144616,-12.216709179858448,-1.0189022112075867,0.41,0.41,0.0,0.0,1.43,34.145,0.14,-0.5626739777619783,0.4367233061849161
215,4.22,4.018648648648648,3.98,0.0651469093316876,3.99,0.2299999999999995,0.0,0.0300000000000002,1445.85,3.803175882112613,1.190513967626261,4.151467076279426,2.074071197056631,0.2029596669459615,0.4807474984625419,17.38176542620826,0.1293767312911487,-20.97999999999999,3.985156245041877,-1.190513967626262,-0.5972110775191668,0.5,0.4932432432432432,8.146216216216217,8.25,7.565675675675676,7.64,7.624,0.0443901949570763,-0.9528044483507172,-0.3035488881317537,0.9999891220823048,-7.279425985399479,-2.3191135053265985,0.38,0.3800000000000001,0.0,0.0,2.38,59.635000000000005,0.22,-0.6458603764003709,0.6738674181894369
216,6.38,5.928108108108108,4.74,0.4170283407171335,6.22,1.08,0.0,0.1600000000000001,2140.6000000000004,5.686731230070053,1.4736611979296368,6.071619821642994,2.630534936723978,0.3232811535224116,0.8374235874503052,14.528067940571498,0.134699788543032,25.17999999999995,5.874571423460393,-1.473661197929638,0.193531128378134,0.74,0.722972972972973,6.1386486486486485,6.16,7.953243243243241,8.26,8.26,0.3960415897765342,-0.9975812056331956,-0.0607043019637289,0.9994264725878956,-8.240020758530195,-0.501417534220401,0.53,0.5300000000000001,0.0,0.0,1.8,44.87499999999999,0.17,-0.6027276997429971,0.5155062331399455
217,11.69,11.35837837837838,10.72,0.313907487779213,11.47,0.9699999999999988,0.0,0.0499999999999989,4090.55,-6.539833859324611,-9.28608969327958,-6.2570810930124505,-8.704443474195587,0.1285543419112584,0.3064023160342858,234.8444444778181,0.0095924951685628,1.8000000000000114,11.357855814334052,9.286089693279582,9.701705503277706,0.35,0.3302702702702703,1.7213513513513512,1.92,13.92081081081081,13.96,13.95,0.0256144362144829,-0.9883241050632066,-0.1523658068627349,0.9999999378749582,-13.797004506682365,-2.12702666380378,0.42,0.42,0.0,0.0,1.51,35.98500000000001,0.16,-0.6252474855854598,0.467312381542608
218,7.17,6.060810810810811,5.13,0.8084565821913576,5.88,1.85,0.0,0.1699999999999999,2181.55,-1.324500791460095,-5.903622828633573,-0.5897655959160979,-4.883907714645196,0.4253234822496508,0.7739927750534082,257.35485654144355,0.0587020113721426,0.3900000000000148,6.0503772485145,5.903622828633573,7.039933102228544,0.29,0.2670270270270271,2.802162162162162,2.87,11.417567567567568,11.82,11.764,0.3581967253944017,-0.9947322695833244,-0.1024541416424178,0.9999945696302937,-11.757735426474897,-1.2110079542133794,0.46,0.4600000000000001,0.0,0.0,1.9,46.21999999999999,0.19,-0.6198013105629928,0.5757290928141785
219,9.06,8.84918918918919,8.37,0.1893713408834378,8.91,-0.6900000000000013,0.0,0.0500000000000007,3187.05,-8.719316247722135,-1.4779509722055106,-8.188610929713638,-0.9537995993379472,0.1849986199433792,0.3145972304319835,189.620371420944,0.0352666920678544,-1.3500000000000227,8.843687856546863,1.4779509722055122,2.084250618924228,0.27,0.2605405405405405,1.991081081081081,2.15,10.86216216216216,10.94,10.92,0.0398737965257774,-0.9801147609471064,-0.19836203414557,0.9999862205134488,-10.722455484761342,-2.170080653552536,0.42,0.42,0.0,0.0,0.71,18.285,0.07,-0.7277669653690905,0.1885994669879459
220,6.52,6.330540540540541,6.09,0.1278289808942579,6.35,-0.4299999999999997,0.0,0.0200000000000004,2279.25,5.522153825990497,-3.0923892489978964,5.740712344879734,-2.709732190165869,0.0991086537631239,0.1587674819155307,330.7513070993424,0.0215976955447933,1.8799999999999957,6.32906423930262,3.092389248997895,3.2805044645889203,0.08,0.067027027027027,3.5843243243243244,3.68,6.541621621621621,6.64,6.624,0.0678437598362715,-0.9677157385621656,-0.2504366194496238,0.9995960439208798,-6.425632504052778,-1.6628991531455024,0.38,0.3800000000000001,0.0,0.0,1.72,42.245000000000005,0.15,-0.569919270159367,0.4943576452056397
221,4.44,4.347297297297299,4.09,0.0864822634104085,4.41,0.2400000000000002,0.0,0.04,1566.4,0.3201790006237249,-4.33450179219085,0.4511050431821301,-4.088560837771155,0.0951812777983576,0.0836248670166172,274.22462587704894,0.0213013325619208,4.460000000000036,4.346311123118788,4.33450179219085,4.4306952698689885,0.51,0.4929729729729729,9.66945945945946,9.83,13.591351351351353,13.86,13.804,0.1540649593105552,-0.9838261392424468,-0.1785712102507923,0.9999007697702462,-13.635830289900312,-2.474996974075982,0.44,0.4399999999999999,0.0,0.0,1.81,44.48500000000001,0.17,-0.6224478521706653,0.5289952160854993
222,6.28,5.638108108108108,5.25,0.3474216834776937,5.59,1.0300000000000002,0.0,0.04,2028.45,5.292359265575806,1.943942293017821,5.889562155016589,2.179783847585893,0.3253373848649967,0.1230537133311896,20.168844029558024,0.0029932347068761,-0.3600000000000136,5.63808285097953,-1.9439422930178225,-1.7887156977057452,0.1,0.0837837837837837,3.061891891891892,3.23,10.718108108108106,10.79,10.77,0.0472393467376984,-0.999914148104892,-0.0130990282539076,0.9999999440607628,-10.789073658051786,-0.1413385148596636,0.3,0.3000000000000001,0.0,0.0,1.26,31.87,0.13,-0.717095805900123,0.3574726641640497
223,16.94,16.24081081081081,13.45,1.0049939582402188,16.86,3.120000000000001,72.97297297297297,0.3000000000000007,5858.999999999999,-12.470517899231686,10.034143934170526,-8.949100842940314,12.634047917760146,2.14976288793626,1.9886193722257692,141.17882568701003,0.1706003499124305,27.17999999999998,16.00618196718721,-10.034143934170524,-5.967845131165718,0.04,0.0383783783783783,4.966216216216216,5.19,6.571891891891891,8.76,8.652000000000001,1.2975607840531544,-0.1031103538313924,-0.805449711528051,0.8120227723825579,-0.903246699562998,-7.055739472985727,0.51,0.5100000000000002,0.0,0.0,1.85,44.805,0.18,-0.5839306480793521,0.5512763594998995
224,5.97,5.716486486486487,5.59,0.1041884004597341,5.69,-0.3799999999999999,0.0,0.0300000000000002,2057.3,-3.222628757954812,-4.720802222106359,-3.025688211688644,-4.687839021735204,0.123476775895711,0.0501669905979834,235.68082319329764,0.0145402044693948,2.549999999999983,5.715882235651966,4.720802222106359,4.871136905095503,0.24,0.2202702702702702,3.0505405405405406,3.14,10.578378378378378,10.84,10.752,0.1070113283599934,-0.9961541550116356,-0.0875120610567445,0.999990730645712,-10.79831104032613,-0.9486307418551112,0.43,0.4299999999999999,0.0,0.0,1.48,38.185,0.12,-0.5911645653631714,0.3904659986843425
225,13.31,11.27918918918919,7.93,1.9107553032956144,12.51,4.030000000000001,0.0,0.3800000000000008,4071.95,-10.805208599617544,-3.184953449508076,-7.655476395947861,-2.068473144878882,1.823887309805873,0.805026905725109,196.42345787065236,0.0504701609719255,7.100000000000023,11.26483294846321,3.1849534495080776,4.555402158513209,0.52,0.4983783783783784,7.361891891891892,7.46,9.53108108108108,10.27,10.27,0.8860900563827883,-0.8187009546001168,-0.5277163648322316,0.9740409718152966,-8.408058803743199,-5.419647066827018,0.51,0.5100000000000002,0.0,0.0,0.92,22.45,0.1,-0.6593267110399045,0.2765571493015553
226,4.33,4.027567567567568,3.87,0.1163964661255474,3.91,-0.25,0.0,0.04,1448.15,2.4250617958002434,-3.045257514859354,3.687133802705514,-1.7468383785989985,0.7715956988940992,0.6963983636105854,308.5317287816673,0.2608189346218212,49.06999999999999,3.892880430382786,3.0452575148593537,4.170900120387616,0.26,0.2475675675675675,4.93972972972973,5.01,6.7421621621621615,6.8,6.79,0.0351164191315451,-0.9942324201845916,-0.1070592289467959,0.9999798917222248,-6.760780457255222,-0.7280027568382121,0.3,0.3000000000000001,0.0,0.0,1.67,42.965,0.16,-0.6866263776480097,0.4529413650844101
227,3.77,3.256756756756757,2.06,0.5368529621738961,3.56,-1.59,0.0,0.1200000000000001,1176.45,-2.466205394285615,2.097208651097074,-1.803630656448312,2.9965409762358206,0.3468468124304657,0.5421436999012608,139.6228674883746,0.1093241094758694,23.710000000000008,3.2373528033008503,-2.0972086510970738,-0.9952469317309308,0.84,0.8337837837837837,8.408378378378378,8.62,16.142972972972974,16.45,16.387999999999998,0.1874849884421721,-0.9740640559119028,-0.2262117139920488,0.9999862621890198,-16.023353719750798,-3.721182695169203,0.47,0.4699999999999999,0.0,0.0,1.08,27.640000000000004,0.1,-0.6055049462352781,0.2887953873397594
228,6.62,4.301621621621622,2.13,1.463587804757613,4.21,4.49,0.0,0.1699999999999999,1547.85,4.174031074695123,0.962080572309247,6.231365704727215,2.3191114368526904,1.352248951802048,0.6850738427736701,12.979532271608042,0.0919578266621122,10.900000000000006,4.2834722410837935,-0.962080572309248,-0.3096965656905118,0.51,0.504054054054054,5.208378378378379,5.28,9.162432432432434,9.24,9.22,0.0419398156568019,-0.9998800120400024,-0.0150799205625803,0.9999937212209328,-9.238891311249622,-0.1393384659982419,0.47,0.4699999999999999,0.0,0.0,1.39,34.985,0.13,-0.617060429746884,0.3840815365711335
229,2.25,2.1110810810810805,1.91,0.09024841943016,2.12,-0.3400000000000001,0.0,0.02,760.3,2.0718308518365047,0.1048280131138189,2.177889441853632,0.6293787192221612,0.1028675334106383,0.3882710235430297,2.8965131075053963,0.1870246435729545,27.579999999999984,2.07448113776794,-0.1048280131138193,0.636398355914219,0.53,0.5008108108108108,5.562432432432432,5.8,6.9854054054054044,7.0,7.0,0.0119897691961183,-0.999742609322698,-0.0226873335727819,0.9999999999999996,-6.998198265258885,-0.1588113350094732,0.43,0.4299999999999999,0.0,0.0,1.57,38.67,0.15,-0.5912710911857435,0.4602497178442902
230,5.44,5.107297297297297,4.11,0.4030133030374156,5.43,-1.1399999999999997,0.0,0.1299999999999999,1842.9,-0.0921214075294106,-4.960070832586713,1.3407098183866322,-3.904161024992428,1.1981432737437006,0.447849397661177,268.9359907808441,0.2411551255037863,38.71999999999997,4.960926225817378,4.960070832586713,5.429253616843715,0.68,0.674864864864865,7.899729729729731,8.0,8.015135135135136,8.07,8.06,0.0336613999501411,-0.9975762098674068,-0.069582364910792,0.9999999999999994,-8.050440013629974,-0.5615296848300915,0.46,0.4600000000000001,0.0,0.0,2.27,56.83,0.2,-0.5605308832561336,0.6322433304719185
231,4.34,3.495675675675676,2.98,0.2851508897914712,3.46,1.36,0.0,0.1499999999999999,1256.8000000000002,0.3321876063488543,-3.064794596446092,3.722834199678588,-2.2307186110541792,1.6270841191807155,0.3877398668597729,276.18603798770835,0.5014107415148384,76.74000000000001,3.082744641422144,3.064794596446091,3.528045670174831,0.16,0.1372972972972973,3.892432432432433,4.03,8.982702702702701,9.17,9.124,0.1036274159865368,-0.9993916284365174,0.0346965650721277,0.999993739288801,-9.164421232762864,0.3181675017114115,0.5,0.5,0.0,0.0,1.58,38.595000000000006,0.16,-0.6187391639421456,0.4747661759653479
232,3.19,2.3891891891891888,0.75,0.6603577178763053,2.94,-1.33,0.0,0.2800000000000002,869.85,-1.7143219583415628,1.4446254673913277,-0.5875260882723585,2.7289139916452454,0.6988290972803795,0.7937837691739003,139.87981842733186,0.3568122879842816,14.039999999999992,2.2418390927735343,-1.4446254673913272,-0.4110572790819736,0.16,0.1532432432432432,2.5883783783783785,2.62,9.696216216216216,9.78,9.764,0.06377118519644,-0.9897068686259036,0.1431002857228719,0.99999868878877,-9.679333175161338,1.399520794369688,0.48,0.48,0.0,0.0,1.39,32.835,0.13,-0.5298319425669997,0.4292569216075511
233,6.04,5.75945945945946,5.46,0.1769859659415072,5.76,-0.5800000000000001,0.0,0.0200000000000004,2073.5,0.8181715947189802,-5.665257972996565,1.9065201831604957,-5.453803299440061,0.6555975210054128,0.0913045932180637,278.21778814956144,0.1110857035632229,-21.129999999999995,5.724032901635537,5.665257972996565,5.754063601305126,0.55,0.5021621621621623,6.885675675675676,7.08,9.505945945945946,9.68,9.644,0.1045055141299474,-0.9838933663614632,-0.1787270194433978,0.9999947519108352,-9.524087786378963,-1.7300775482120907,0.39,0.39,0.0,0.0,1.45,36.59,0.12,-0.5780869622686895,0.4017161868953411
234,10.75,8.638378378378379,6.75,1.2055536207508477,8.57,-4.0,0.0,0.1299999999999999,3108.7,6.596982573862345,-5.574004109379141,8.275837099436934,-4.666010812204225,1.0076332085057298,0.6855034401357784,319.80445093429256,0.0206716014152226,-4.069999999999993,8.636532920751185,5.57400410937914,6.860978086510935,0.21,0.2021621621621621,3.537837837837838,3.61,12.64,12.89,12.838,0.1383102661761943,-0.999053633058259,-0.0432230118409369,0.9999881951700772,-12.87780133012096,-0.5571446226296775,0.3,0.3000000000000001,0.0,0.0,2.23,56.900000000000006,0.2,-0.5998641519452818,0.603794550945637
235,8.09,7.851081081081081,7.47,0.172435397754728,8.03,0.3500000000000005,0.0,0.04,2828.45,-1.6753009934615293,-7.6634847685706,-1.331804111327705,-7.35031957189962,0.3248449338677945,0.1674862986687792,257.6686637453333,0.0410619851212755,-7.500000000000028,7.844465068875428,7.6634847685706,7.9429760604823185,0.25,0.2194594594594595,5.49972972972973,5.63,8.05162162162162,8.33,8.264,0.1412590779386338,-0.9998894353497808,-0.0135987805199638,0.999981904714147,-8.329078996463673,-0.1132778417312988,0.4,0.4000000000000001,0.0,0.0,1.87,48.02,0.18,-0.6240992772073228,0.5032896892666618
236,6.54,6.288378378378378,6.1,0.1273325824741354,6.27,-0.4400000000000004,0.0,0.0200000000000004,2263.5,-0.8356375703429711,6.199174130102068,0.4510000600610676,6.373661643763316,0.6535136182736713,0.0691818086756428,97.67709263836268,0.102795203022138,-17.189999999999998,6.255241805421709,-6.199174130102067,-6.083304936120243,0.23,0.2143243243243243,2.365405405405405,2.4,11.364594594594596,11.83,11.732,0.269700480459288,-0.9948424532175212,-0.1012847142087418,0.9999850499163484,-11.768986221563274,-1.198198169089416,0.43,0.4299999999999999,0.0,0.0,0.87,22.56,0.08,-0.761792328258254,0.2276381735495518
237,4.98,4.197837837837838,3.31,0.6174539489782526,4.2,-1.6199999999999997,0.0,0.0899999999999998,1512.0,3.953148508716064,-1.4009798179254973,4.64767133339545,-1.081218717990418,0.5555986611407457,0.3229155267742699,340.4858795774417,0.0424425801015837,6.680000000000007,4.194058605002867,1.4009798179254964,2.168900107389662,0.52,0.5091891891891892,8.903783783783783,9.07,13.177567567567568,13.45,13.398,0.1712025101704933,-0.9908543850621816,-0.1344921214064574,0.9999402697748316,-13.32699147908634,-1.8089190329168523,0.46,0.4600000000000001,0.0,0.0,1.24,30.48,0.1099999999999999,-0.5428370388949711,0.3568908429428796
238,4.33,4.0735135135135145,3.73,0.1816622380581717,4.11,0.4499999999999997,0.0,0.0300000000000002,1467.65,-0.9314210134542544,3.9607014827237736,-0.5513291035134478,4.165373477221497,0.2298336957056257,0.137799297085844,103.23354621968186,0.0483907638837202,9.620000000000005,4.068746900404896,-3.9607014827237736,-3.68902917033995,0.09,0.0805405405405405,4.95027027027027,5.1,8.277027027027026,8.35,8.334,0.0444099370950134,-0.9991863871931002,-0.0399945799657939,0.9999865012982124,-8.343206333062385,-0.3339547427143796,0.42,0.42,0.0,0.0,2.01,48.415,0.19,-0.6045509593733485,0.6139599518683396
239,8.79,8.171891891891894,7.76,0.3378456215319544,8.13,-0.9599999999999992,0.0,0.0400000000000009,2940.5,-6.426103279873574,-5.004080541877372,-5.157538472729267,-4.566572993420887,0.6699341644403016,0.330937363975086,217.90830225150145,0.0816933646680979,17.5,8.1446685281353,5.004080541877373,5.891408736653523,0.27,0.2602702702702703,3.4143243243243244,3.48,17.608648648648654,17.65,17.644,0.0248413519850296,-0.9846910722120936,-0.1742119702072216,0.9999831589870324,-17.379797424543447,-3.0748412741574613,0.41,0.41,0.0,0.0,2.34,58.305,0.21,-0.5672381408093392,0.6559178269900361
240,11.17,8.929189189189191,6.86,1.3205903233195708,8.92,-4.31,0.0,0.1300000000000007,3213.6500000000005,-2.493890583924261,-8.37328815402107,0.5083842427404364,-6.8411362697824725,2.129398453525804,0.7801255345421076,253.4144235018852,0.2087252155065203,39.47,8.736786866740866,8.37328815402107,9.180438611763496,0.36,0.3524324324324324,2.22,2.25,14.425945945945946,15.48,15.234,0.6043601014406017,-0.9325699543647163,-0.3609661869724663,0.9999916539257968,-14.43618289356581,-5.5877565743337785,0.41,0.41,0.0,0.0,2.17,54.06999999999999,0.2,-0.6137982161073471,0.6178814626011615
241,12.05,9.858108108108109,6.85,1.7356139778777222,9.77,-5.200000000000001,0.0,0.2600000000000015,3553.0,2.322363379669451,-9.551965033775897,2.6643976941612624,-6.310585149361994,0.3065356383758266,1.8620632588743489,283.66514777029977,0.0752597698276497,15.310000000000002,9.830229278796455,9.551965033775897,11.944702834922222,0.11,0.1032432432432432,3.843243243243243,3.87,9.946486486486489,10.0,10.0,0.0676324013271511,-0.9897560521014956,-0.1417197503088318,0.9998507540123855,-9.897560521014956,-1.4171975030883186,0.532,0.532,0.0,0.0,2.72,67.87,0.23,-0.5568791688296493,0.7525572667492052
242,10.21,9.656486486486486,9.04,0.2535074626143554,9.48,1.1700000000000017,0.0,0.1400000000000005,3476.649999999999,-8.391210692132974,-4.634251042204341,-7.645496294194079,-2.119550031579802,0.5024780489711993,1.082041360420495,208.91074741970857,0.1211679449585741,20.80000000000001,9.585859356465583,4.634251042204343,5.762430352887582,0.37,0.3575675675675675,7.330810810810811,7.49,9.58783783783784,9.9,9.9,0.2545598759824297,-0.9898217877815508,-0.141173774025988,0.999838589993308,-9.799235699037355,-1.3976203628572814,0.532,0.532,0.0,0.0,2.66,67.045,0.2199999999999999,-0.6035638269592487,0.744447574635427
243,18.25,16.026756756756757,12.11,1.7456340194960436,16.09,-6.030000000000001,51.35135135135136,0.4300000000000015,5778.65,-0.1777274393284179,-15.998108304699484,0.6726109531734775,-11.853651675786386,0.8491660744777942,1.792213959504099,269.3635114166205,0.0587781300368132,-11.03000000000003,15.99909548604498,15.998108304699484,18.24651333819291,0.06,0.0454054054054054,4.331621621621622,4.43,13.37486486486486,13.89,13.89,0.5560362695812627,-0.988271119340319,-0.1479316595728362,0.9992815325153068,-13.727085847637031,-2.054770751466694,0.532,0.532,0.0,0.0,2.47,60.220000000000006,0.24,-0.6600536157383884,0.7066497257595145
244,10.93,10.186216216216216,9.59,0.3889302817490027,10.59,-0.5999999999999996,0.0,0.1699999999999999,3669.9,-4.544849944318875,-9.096296498078113,-3.936544937553741,-7.854237287280223,0.5120870316517165,0.4997633862722516,243.45157153069147,0.0590141478105536,-10.189999999999998,10.168494037827006,9.096296498078113,9.91728359756945,0.15,0.14,2.8445945945945947,2.88,12.317567567567568,12.5,12.5,0.3232721671954955,-0.9990675888454752,-0.0398423916473641,0.9998617220664532,-12.48834486056844,-0.498029895592052,0.532,0.532,0.0,0.0,2.73,67.34500000000001,0.27,-0.5774761496392036,0.7534347936700541
245,2.16,1.5183783783783786,0.88,0.4012649829720163,1.13,0.6800000000000002,0.0,0.1099999999999998,543.5999999999999,1.2740788939008711,0.79889253773629,1.866398979877676,1.4609417300549126,0.3801753748699354,0.245859423440699,32.08916694874076,0.1387613629757996,5.819999999999993,1.5038305472141456,-0.7988925377362903,-0.503356860605671,0.07,0.0616216216216216,4.161081081081082,4.24,10.477027027027026,11.11,11.11,0.8321378032476735,-0.9723738207520296,-0.2141601750852345,0.9956783757200104,-10.803073148555049,-2.379319545196956,0.532,0.532,0.0,0.0,2.7,66.185,0.28,-0.6519675442010842,0.7647488212992534
246,17.14,16.43297297297297,15.91,0.332962662178021,16.59,-0.2800000000000011,86.48648648648648,0.1900000000000012,5915.2,-14.855816212088907,-6.9337469242414045,-14.056001829015694,-5.458388554359807,0.4379887306256517,1.0906461387264723,205.0201640016826,0.0686719560082562,-12.70999999999998,16.394271003517993,6.933746924241406,8.867061233816942,0.67,0.6337837837837837,8.324594594594595,8.55,13.015135135135136,13.25,13.16,0.2724128585846839,-0.956085551302322,-0.2883319270725064,0.9986164837305712,-12.668133554755766,-3.820398033710709,0.532,0.532,0.0,0.0,1.88,45.15500000000001,0.17,-0.5262882593459126,0.5542487462807967
247,5.97,4.7535135135135125,3.57,0.7910657068285084,4.76,-2.4,0.0,0.1100000000000003,1711.1,-3.041537121391244,3.650683030281197,-2.0086985276290643,4.4184015734232895,0.5616946733295243,0.572485913577687,129.79909853498978,0.0277998509608899,-8.019999999999982,4.75167703536173,-3.650683030281197,-2.951276033362658,0.56,0.5427027027027027,5.633243243243244,6.19,9.20945945945946,9.43,9.4,0.1878749720245391,-0.9996509713822092,0.0049478308318289,0.9996632160959684,-9.426708660134231,0.0466580447441472,0.532,0.532,0.0,0.0,2.71,67.38499999999999,0.22,-0.6008920485805477,0.75874497506107
248,17.07,15.316486486486488,13.57,1.0164942834053536,16.36,0.4799999999999986,29.72972972972973,0.33,5526.6,-13.50559278020825,-6.892061070704491,-9.524748999864675,-4.9690141198555535,1.5481417254491845,1.8247558657827727,207.03574939735796,0.142156438975903,24.169999999999987,15.16250448135576,6.892061070704495,10.6528520354681,0.46,0.4137837837837838,6.761621621621622,6.88,10.205945945945944,10.31,10.298,0.0846442303220242,-0.9611961404039652,-0.2758639171923233,0.9999994605679404,-9.90993220756488,-2.844156986252854,0.532,0.532,0.0,0.0,2.42,59.61499999999999,0.2,-0.5665346362927265,0.7036282885473834
249,16.63,15.985675675675674,14.65,0.5790604717547794,16.16,0.2199999999999988,62.16216216216216,0.2400000000000002,5752.700000000001,-3.50297456053076,-15.589984280784002,-2.3321627658081825,-14.463177964533864,0.5332376749994275,0.5237888629792438,257.3363100794766,0.0295727751239401,4.770000000000039,15.978687075189184,15.589984280784002,16.187140691800895,0.24,0.2362162162162162,3.4759459459459463,3.95,10.59054054054054,10.99,10.87,0.2713026229532795,-0.9788290292005064,-0.1996297392996501,0.9989786290098764,-10.757331030913567,-2.1939308349031545,0.532,0.532,0.0,0.0,2.55,63.63999999999999,0.21,-0.555326185126248,0.7030542779545421
250,15.71,13.73945945945946,11.33,1.5745817908016186,13.8,-3.69,0.0,0.2300000000000004,4947.150000000001,-13.383877106044324,2.9523702479413583,-11.257616148191696,4.528208829295527,1.344372632459419,1.264934705240334,167.5602566623716,0.0702037381379231,11.870000000000005,13.705643234471948,-2.952370247941356,-0.8210719059473433,0.35,0.3494594594594594,4.494864864864865,5.42,12.235675675675672,12.82,12.63,0.2518637613337657,-0.9897434723653052,-0.1426717450483193,0.999973683616156,-12.688511315723211,-1.8290517715194536,0.532,0.532,0.0,0.0,2.34,58.970000000000006,0.2199999999999999,-0.6041985108512209,0.6180818132177432
